id,Danceability
17170,6
17171,6
17172,6
17173,5
17174,6
17175,6
17176,4
17177,4
17178,5
17179,3
17180,6
17181,5
17182,3
17183,6
17184,6
17185,5
17186,5
17187,2
17188,4
17189,4
17190,7
17191,7
17192,7
17193,6
17194,6
17195,7
17196,7
17197,7
17198,5
17199,4
17200,4
17201,5
17202,2
17203,2
17204,7
17205,6
17206,4
17207,2
17208,4
17209,4
17210,4
17211,4
17212,2
17213,7
17214,7
17215,5
17216,6
17217,7
17218,6
17219,6
17220,6
17221,2
17222,5
17223,4
17224,4
17225,4
17226,7
17227,5
17228,6
17229,4
17230,3
17231,5
17232,5
17233,3
17234,3
17235,4
17236,3
17237,2
17238,1
17239,4
17240,1
17241,5
17242,2
17243,3
17244,4
17245,4
17246,5
17247,6
17248,4
17249,6
17250,2
17251,6
17252,4
17253,4
17254,6
17255,3
17256,7
17257,7
17258,4
17259,4
17260,5
17261,6
17262,7
17263,7
17264,4
17265,6
17266,3
17267,6
17268,6
17269,6
17270,7
17271,6
17272,7
17273,6
17274,7
17275,7
17276,6
17277,5
17278,5
17279,5
17280,4
17281,7
17282,2
17283,6
17284,6
17285,7
17286,6
17287,4
17288,5
17289,5
17290,6
17291,5
17292,3
17293,6
17294,6
17295,8
17296,7
17297,6
17298,7
17299,7
17300,7
17301,5
17302,7
17303,2
17304,7
17305,5
17306,5
17307,6
17308,6
17309,5
17310,6
17311,7
17312,5
17313,6
17314,8
17315,6
17316,6
17317,6
17318,5
17319,5
17320,7
17321,3
17322,6
17323,3
17324,5
17325,5
17326,5
17327,4
17328,2
17329,6
17330,5
17331,4
17332,5
17333,4
17334,4
17335,5
17336,6
17337,4
17338,8
17339,7
17340,6
17341,3
17342,4
17343,2
17344,1
17345,3
17346,7
17347,6
17348,7
17349,4
17350,7
17351,6
17352,5
17353,6
17354,4
17355,7
17356,6
17357,7
17358,5
17359,7
17360,7
17361,7
17362,5
17363,7
17364,7
17365,6
17366,6
17367,6
17368,6
17369,6
17370,7
17371,7
17372,4
17373,4
17374,2
17375,4
17376,5
17377,1
17378,1
17379,6
17380,6
17381,5
17382,6
17383,7
17384,7
17385,4
17386,5
17387,5
17388,7
17389,6
17390,7
17391,6
17392,7
17393,6
17394,5
17395,6
17396,8
17397,5
17398,6
17399,4
17400,6
17401,3
17402,6
17403,5
17404,5
17405,7
17406,2
17407,4
17408,4
17409,7
17410,2
17411,6
17412,3
17413,6
17414,6
17415,5
17416,6
17417,6
17418,5
17419,8
17420,3
17421,6
17422,3
17423,3
17424,7
17425,6
17426,5
17427,5
17428,2
17429,7
17430,6
17431,6
17432,7
17433,5
17434,6
17435,5
17436,4
17437,3
17438,6
17439,5
17440,3
17441,5
17442,2
17443,3
17444,5
17445,6
17446,2
17447,6
17448,1
17449,5
17450,6
17451,6
17452,4
17453,7
17454,6
17455,4
17456,6
17457,6
17458,7
17459,7
17460,5
17461,6
17462,3
17463,3
17464,6
17465,2
17466,2
17467,4
17468,5
17469,6
17470,3
17471,7
17472,4
17473,8
17474,4
17475,4
17476,6
17477,6
17478,7
17479,5
17480,4
17481,4
17482,5
17483,7
17484,7
17485,4
17486,7
17487,5
17488,6
17489,4
17490,7
17491,6
17492,6
17493,6
17494,6
17495,3
17496,5
17497,5
17498,6
17499,6
17500,3
17501,3
17502,4
17503,2
17504,3
17505,2
17506,2
17507,4
17508,3
17509,7
17510,6
17511,5
17512,6
17513,5
17514,6
17515,7
17516,5
17517,4
17518,5
17519,7
17520,3
17521,6
17522,7
17523,6
17524,6
17525,6
17526,6
17527,3
17528,5
17529,7
17530,4
17531,6
17532,5
17533,3
17534,6
17535,5
17536,5
17537,7
17538,7
17539,6
17540,8
17541,6
17542,4
17543,7
17544,6
17545,5
17546,5
17547,6
17548,5
17549,4
17550,6
17551,6
17552,4
17553,4
17554,7
17555,6
17556,5
17557,4
17558,6
17559,7
17560,7
17561,6
17562,5
17563,4
17564,4
17565,4
17566,6
17567,1
17568,5
17569,2
17570,4
17571,8
17572,5
17573,5
17574,5
17575,4
17576,3
17577,6
17578,6
17579,7
17580,6
17581,7
17582,5
17583,5
17584,5
17585,6
17586,6
17587,5
17588,5
17589,7
17590,7
17591,7
17592,6
17593,1
17594,4
17595,7
17596,3
17597,4
17598,4
17599,6
17600,3
17601,6
17602,5
17603,4
17604,4
17605,3
17606,2
17607,5
17608,5
17609,5
17610,2
17611,5
17612,4
17613,7
17614,1
17615,2
17616,5
17617,4
17618,3
17619,3
17620,6
17621,3
17622,6
17623,3
17624,4
17625,4
17626,7
17627,4
17628,4
17629,3
17630,7
17631,3
17632,5
17633,3
17634,5
17635,3
17636,4
17637,3
17638,1
17639,5
17640,5
17641,2
17642,5
17643,4
17644,5
17645,3
17646,3
17647,2
17648,5
17649,3
17650,6
17651,4
17652,3
17653,6
17654,3
17655,3
17656,3
17657,1
17658,2
17659,1
17660,2
17661,0
17662,1
17663,1
17664,1
17665,1
17666,0
17667,6
17668,2
17669,4
17670,3
17671,1
17672,4
17673,2
17674,4
17675,3
17676,6
17677,2
17678,2
17679,4
17680,4
17681,7
17682,7
17683,5
17684,5
17685,5
17686,4
17687,1
17688,3
17689,2
17690,5
17691,6
17692,4
17693,2
17694,5
17695,5
17696,3
17697,1
17698,1
17699,2
17700,3
17701,4
17702,5
17703,5
17704,5
17705,6
17706,5
17707,4
17708,6
17709,5
17710,4
17711,2
17712,6
17713,4
17714,2
17715,1
17716,3
17717,0
17718,4
17719,4
17720,2
17721,1
17722,0
17723,2
17724,2
17725,2
17726,2
17727,4
17728,3
17729,4
17730,6
17731,2
17732,4
17733,3
17734,7
17735,5
17736,5
17737,4
17738,5
17739,3
17740,5
17741,1
17742,7
17743,8
17744,3
17745,6
17746,4
17747,5
17748,3
17749,3
17750,6
17751,2
17752,5
17753,4
17754,5
17755,6
17756,6
17757,6
17758,6
17759,2
17760,2
17761,2
17762,2
17763,6
17764,2
17765,6
17766,4
17767,7
17768,7
17769,4
17770,5
17771,4
17772,4
17773,7
17774,6
17775,4
17776,6
17777,4
17778,5
17779,7
17780,6
17781,4
17782,4
17783,7
17784,6
17785,3
17786,6
17787,4
17788,4
17789,6
17790,2
17791,5
17792,4
17793,5
17794,2
17795,8
17796,7
17797,7
17798,8
17799,4
17800,5
17801,3
17802,7
17803,6
17804,7
17805,5
17806,6
17807,4
17808,0
17809,7
17810,7
17811,3
17812,5
17813,4
17814,5
17815,4
17816,4
17817,3
17818,6
17819,7
17820,7
17821,3
17822,3
17823,7
17824,4
17825,6
17826,6
17827,5
17828,7
17829,6
17830,4
17831,6
17832,5
17833,2
17834,4
17835,6
17836,4
17837,3
17838,5
17839,3
17840,4
17841,7
17842,7
17843,5
17844,7
17845,7
17846,6
17847,6
17848,6
17849,8
17850,7
17851,5
17852,5
17853,7
17854,6
17855,3
17856,6
17857,6
17858,5
17859,7
17860,8
17861,4
17862,4
17863,6
17864,5
17865,7
17866,8
17867,3
17868,5
17869,6
17870,4
17871,2
17872,7
17873,7
17874,4
17875,1
17876,4
17877,6
17878,7
17879,5
17880,2
17881,2
17882,3
17883,3
17884,7
17885,4
17886,3
17887,5
17888,6
17889,6
17890,5
17891,4
17892,3
17893,3
17894,5
17895,6
17896,8
17897,6
17898,7
17899,2
17900,6
17901,6
17902,7
17903,7
17904,6
17905,6
17906,6
17907,7
17908,3
17909,5
17910,6
17911,3
17912,3
17913,5
17914,3
17915,6
17916,3
17917,5
17918,5
17919,3
17920,2
17921,1
17922,2
17923,6
17924,6
17925,3
17926,2
17927,4
17928,4
17929,4
17930,2
17931,3
17932,6
17933,6
17934,6
17935,4
17936,7
17937,5
17938,5
17939,4
17940,2
17941,7
17942,8
17943,5
17944,4
17945,4
17946,4
17947,5
17948,4
17949,4
17950,3
17951,3
17952,7
17953,1
17954,6
17955,5
17956,7
17957,5
17958,7
17959,5
17960,5
17961,4
17962,4
17963,7
17964,5
17965,6
17966,7
17967,4
17968,7
17969,4
17970,5
17971,6
17972,6
17973,7
17974,6
17975,6
17976,6
17977,6
17978,8
17979,6
17980,6
17981,5
17982,3
17983,6
17984,6
17985,7
17986,6
17987,6
17988,7
17989,6
17990,7
17991,7
17992,1
17993,6
17994,4
17995,5
17996,7
17997,5
17998,8
17999,5
18000,8
18001,7
18002,5
18003,2
18004,3
18005,4
18006,4
18007,4
18008,8
18009,4
18010,5
18011,4
18012,1
18013,7
18014,4
18015,5
18016,3
18017,5
18018,3
18019,6
18020,6
18021,6
18022,6
18023,5
18024,5
18025,6
18026,5
18027,7
18028,4
18029,1
18030,0
18031,6
18032,2
18033,1
18034,5
18035,0
18036,5
18037,0
18038,3
18039,7
18040,4
18041,7
18042,4
18043,3
18044,4
18045,3
18046,4
18047,4
18048,4
18049,3
18050,5
18051,5
18052,1
18053,6
18054,2
18055,6
18056,5
18057,4
18058,5
18059,4
18060,5
18061,3
18062,4
18063,5
18064,3
18065,5
18066,7
18067,7
18068,6
18069,4
18070,3
18071,4
18072,6
18073,6
18074,7
18075,6
18076,4
18077,6
18078,6
18079,4
18080,5
18081,6
18082,5
18083,4
18084,7
18085,6
18086,6
18087,3
18088,6
18089,5
18090,5
18091,1
18092,3
18093,2
18094,4
18095,5
18096,5
18097,5
18098,3
18099,3
18100,4
18101,5
18102,5
18103,6
18104,6
18105,6
18106,5
18107,5
18108,2
18109,5
18110,4
18111,6
18112,5
18113,4
18114,6
18115,3
18116,4
18117,6
18118,5
18119,5
18120,5
18121,3
18122,5
18123,2
18124,6
18125,6
18126,1
18127,5
18128,5
18129,4
18130,6
18131,4
18132,3
18133,4
18134,4
18135,2
18136,5
18137,5
18138,6
18139,6
18140,3
18141,6
18142,4
18143,3
18144,5
18145,7
18146,4
18147,3
18148,4
18149,3
18150,7
18151,7
18152,7
18153,6
18154,4
18155,6
18156,5
18157,7
18158,2
18159,6
18160,6
18161,5
18162,6
18163,5
18164,5
18165,5
18166,4
18167,6
18168,5
18169,7
18170,7
18171,6
18172,4
18173,6
18174,7
18175,7
18176,5
18177,3
18178,4
18179,5
18180,6
18181,6
18182,8
18183,5
18184,6
18185,7
18186,5
18187,4
18188,3
18189,2
18190,2
18191,4
18192,7
18193,3
18194,2
18195,7
18196,5
18197,3
18198,1
18199,2
18200,2
18201,0
18202,1
18203,0
18204,1
18205,1
18206,4
18207,4
18208,4
18209,2
18210,4
18211,7
18212,6
18213,4
18214,7
18215,6
18216,5
18217,7
18218,5
18219,8
18220,6
18221,2
18222,5
18223,6
18224,7
18225,3
18226,5
18227,4
18228,6
18229,7
18230,5
18231,4
18232,2
18233,4
18234,7
18235,5
18236,5
18237,5
18238,3
18239,7
18240,7
18241,5
18242,5
18243,6
18244,6
18245,6
18246,5
18247,5
18248,7
18249,4
18250,5
18251,5
18252,7
18253,4
18254,4
18255,6
18256,4
18257,5
18258,2
18259,6
18260,4
18261,4
18262,2
18263,3
18264,2
18265,4
18266,1
18267,2
18268,3
18269,6
18270,4
18271,4
18272,4
18273,4
18274,7
18275,5
18276,2
18277,4
18278,4
18279,6
18280,6
18281,5
18282,4
18283,7
18284,2
18285,5
18286,3
18287,4
18288,5
18289,6
18290,5
18291,8
18292,7
18293,6
18294,4
18295,4
18296,4
18297,6
18298,4
18299,4
18300,5
18301,4
18302,4
18303,5
18304,6
18305,3
18306,5
18307,1
18308,6
18309,5
18310,7
18311,5
18312,6
18313,6
18314,4
18315,4
18316,4
18317,3
18318,1
18319,2
18320,1
18321,3
18322,1
18323,5
18324,1
18325,7
18326,6
18327,7
18328,3
18329,7
18330,3
18331,5
18332,4
18333,3
18334,4
18335,4
18336,4
18337,4
18338,3
18339,3
18340,2
18341,5
18342,3
18343,5
18344,5
18345,5
18346,3
18347,5
18348,2
18349,2
18350,4
18351,7
18352,6
18353,7
18354,5
18355,3
18356,4
18357,4
18358,7
18359,6
18360,7
18361,1
18362,5
18363,6
18364,7
18365,3
18366,6
18367,3
18368,6
18369,4
18370,5
18371,6
18372,1
18373,6
18374,8
18375,8
18376,5
18377,5
18378,7
18379,7
18380,5
18381,7
18382,7
18383,7
18384,6
18385,6
18386,7
18387,7
18388,8
18389,8
18390,6
18391,0
18392,1
18393,1
18394,3
18395,0
18396,3
18397,1
18398,0
18399,4
18400,6
18401,2
18402,1
18403,6
18404,2
18405,3
18406,4
18407,3
18408,5
18409,3
18410,8
18411,1
18412,3
18413,5
18414,4
18415,5
18416,7
18417,5
18418,1
18419,1
18420,0
18421,2
18422,1
18423,2
18424,0
18425,0
18426,0
18427,1
18428,1
18429,4
18430,6
18431,4
18432,4
18433,3
18434,4
18435,3
18436,4
18437,3
18438,4
18439,2
18440,2
18441,6
18442,3
18443,6
18444,4
18445,1
18446,7
18447,4
18448,6
18449,6
18450,6
18451,5
18452,4
18453,6
18454,2
18455,4
18456,5
18457,3
18458,6
18459,4
18460,4
18461,6
18462,6
18463,3
18464,7
18465,4
18466,3
18467,3
18468,3
18469,3
18470,4
18471,3
18472,4
18473,5
18474,3
18475,3
18476,2
18477,3
18478,5
18479,4
18480,6
18481,6
18482,1
18483,7
18484,7
18485,7
18486,4
18487,3
18488,2
18489,5
18490,5
18491,5
18492,4
18493,2
18494,6
18495,5
18496,6
18497,4
18498,4
18499,5
18500,3
18501,4
18502,4
18503,5
18504,4
18505,6
18506,6
18507,4
18508,7
18509,7
18510,6
18511,7
18512,6
18513,6
18514,5
18515,4
18516,3
18517,4
18518,6
18519,4
18520,7
18521,5
18522,1
18523,6
18524,2
18525,3
18526,4
18527,4
18528,5
18529,5
18530,5
18531,3
18532,7
18533,5
18534,3
18535,3
18536,5
18537,2
18538,7
18539,6
18540,2
18541,3
18542,3
18543,5
18544,6
18545,3
18546,5
18547,6
18548,5
18549,4
18550,4
18551,2
18552,4
18553,4
18554,3
18555,4
18556,3
18557,2
18558,7
18559,4
18560,7
18561,2
18562,7
18563,2
18564,4
18565,5
18566,5
18567,6
18568,5
18569,5
18570,8
18571,5
18572,5
18573,5
18574,4
18575,4
18576,1
18577,1
18578,4
18579,6
18580,7
18581,3
18582,3
18583,4
18584,3
18585,6
18586,3
18587,5
18588,4
18589,2
18590,2
18591,5
18592,1
18593,5
18594,2
18595,4
18596,2
18597,1
18598,3
18599,1
18600,4
18601,3
18602,6
18603,4
18604,7
18605,7
18606,5
18607,3
18608,6
18609,3
18610,6
18611,2
18612,6
18613,3
18614,5
18615,3
18616,2
18617,4
18618,5
18619,5
18620,2
18621,3
18622,2
18623,4
18624,2
18625,4
18626,2
18627,3
18628,2
18629,2
18630,4
18631,2
18632,3
18633,2
18634,6
18635,6
18636,4
18637,2
18638,3
18639,3
18640,3
18641,4
18642,5
18643,3
18644,5
18645,3
18646,4
18647,3
18648,3
18649,1
18650,4
18651,2
18652,4
18653,3
18654,7
18655,7
18656,7
18657,4
18658,6
18659,6
18660,6
18661,6
18662,6
18663,7
18664,5
18665,6
18666,5
18667,3
18668,5
18669,3
18670,2
18671,3
18672,2
18673,4
18674,3
18675,3
18676,1
18677,2
18678,4
18679,2
18680,4
18681,2
18682,2
18683,4
18684,7
18685,3
18686,5
18687,4
18688,3
18689,3
18690,5
18691,6
18692,4
18693,3
18694,6
18695,5
18696,5
18697,5
18698,3
18699,2
18700,6
18701,6
18702,6
18703,3
18704,6
18705,3
18706,5
18707,5
18708,7
18709,2
18710,5
18711,5
18712,5
18713,3
18714,6
18715,5
18716,4
18717,4
18718,7
18719,5
18720,2
18721,4
18722,4
18723,3
18724,7
18725,6
18726,7
18727,6
18728,7
18729,8
18730,7
18731,6
18732,5
18733,7
18734,5
18735,2
18736,4
18737,5
18738,4
18739,5
18740,6
18741,5
18742,6
18743,3
18744,2
18745,2
18746,3
18747,3
18748,4
18749,5
18750,3
18751,5
18752,0
18753,2
18754,2
18755,3
18756,2
18757,3
18758,0
18759,3
18760,6
18761,5
18762,7
18763,3
18764,5
18765,3
18766,4
18767,6
18768,5
18769,4
18770,8
18771,6
18772,7
18773,6
18774,4
18775,2
18776,2
18777,7
18778,6
18779,6
18780,8
18781,5
18782,2
18783,6
18784,1
18785,4
18786,5
18787,5
18788,6
18789,7
18790,3
18791,8
18792,4
18793,3
18794,8
18795,5
18796,7
18797,6
18798,6
18799,4
18800,7
18801,5
18802,6
18803,5
18804,5
18805,5
18806,3
18807,2
18808,3
18809,3
18810,4
18811,5
18812,2
18813,4
18814,3
18815,6
18816,5
18817,3
18818,3
18819,5
18820,5
18821,4
18822,4
18823,4
18824,6
18825,4
18826,7
18827,6
18828,6
18829,3
18830,6
18831,6
18832,4
18833,5
18834,7
18835,6
18836,7
18837,7
18838,7
18839,5
18840,7
18841,5
18842,3
18843,6
18844,6
18845,2
18846,1
18847,1
18848,1
18849,0
18850,4
18851,1
18852,1
18853,0
18854,1
18855,3
18856,2
18857,5
18858,3
18859,2
18860,3
18861,1
18862,3
18863,4
18864,2
18865,7
18866,3
18867,8
18868,4
18869,6
18870,5
18871,8
18872,7
18873,6
18874,6
18875,4
18876,6
18877,7
18878,5
18879,5
18880,7
18881,5
18882,4
18883,3
18884,6
18885,6
18886,5
18887,4
18888,7
18889,3
18890,2
18891,5
18892,6
18893,4
18894,3
18895,2
18896,4
18897,4
18898,3
18899,5
18900,5
18901,4
18902,3
18903,6
18904,3
18905,6
18906,0
18907,0
18908,0
18909,1
18910,3
18911,1
18912,1
18913,0
18914,0
18915,1
18916,5
18917,5
18918,5
18919,3
18920,7
18921,7
18922,2
18923,7
18924,4
18925,5
18926,4
18927,3
18928,3
18929,3
18930,4
18931,5
18932,5
18933,5
18934,6
18935,7
18936,5
18937,6
18938,8
18939,3
18940,2
18941,6
18942,4
18943,5
18944,4
18945,7
18946,4
18947,6
18948,6
18949,4
18950,5
18951,6
18952,7
18953,5
18954,4
18955,6
18956,5
18957,4
18958,5
18959,3
18960,5
18961,5
18962,3
18963,3
18964,3
18965,2
18966,3
18967,5
18968,3
18969,3
18970,2
18971,6
18972,6
18973,7
18974,5
18975,3
18976,4
18977,5
18978,4
18979,5
18980,2
18981,5
18982,5
18983,4
18984,4
18985,7
18986,5
18987,7
18988,6
18989,6
18990,5
18991,3
18992,3
18993,4
18994,6
18995,4
18996,6
18997,4
18998,6
18999,4
19000,6
19001,3
19002,3
19003,4
19004,4
19005,3
19006,4
19007,4
19008,3
19009,6
19010,5
19011,6
19012,6
19013,3
19014,6
19015,4
19016,7
19017,6
19018,4
19019,5
19020,5
19021,4
19022,5
19023,2
19024,4
19025,2
19026,5
19027,3
19028,4
19029,5
19030,5
19031,3
19032,2
19033,5
19034,5
19035,3
19036,3
19037,2
19038,4
19039,4
19040,3
19041,3
19042,6
19043,2
19044,5
19045,6
19046,2
19047,5
19048,2
19049,4
19050,3
19051,1
19052,4
19053,3
19054,3
19055,2
19056,3
19057,6
19058,4
19059,6
19060,3
19061,5
19062,5
19063,7
19064,7
19065,4
19066,3
19067,5
19068,2
19069,4
19070,2
19071,5
19072,3
19073,2
19074,1
19075,7
19076,6
19077,2
19078,1
19079,0
19080,2
19081,1
19082,1
19083,5
19084,6
19085,4
19086,2
19087,1
19088,4
19089,3
19090,4
19091,4
19092,1
19093,2
19094,4
19095,4
19096,3
19097,2
19098,6
19099,4
19100,4
19101,2
19102,1
19103,3
19104,5
19105,3
19106,5
19107,2
19108,1
19109,2
19110,6
19111,3
19112,3
19113,3
19114,4
19115,4
19116,1
19117,2
19118,3
19119,3
19120,4
19121,3
19122,2
19123,2
19124,5
19125,5
19126,3
19127,2
19128,3
19129,4
19130,4
19131,3
19132,2
19133,4
19134,3
19135,6
19136,4
19137,4
19138,1
19139,3
19140,2
19141,6
19142,4
19143,3
19144,1
19145,7
19146,4
19147,4
19148,6
19149,5
19150,6
19151,6
19152,7
19153,5
19154,5
19155,5
19156,5
19157,3
19158,6
19159,7
19160,4
19161,7
19162,6
19163,5
19164,1
19165,2
19166,4
19167,2
19168,3
19169,4
19170,6
19171,3
19172,6
19173,4
19174,6
19175,4
19176,6
19177,6
19178,4
19179,5
19180,5
19181,6
19182,5
19183,4
19184,3
19185,3
19186,6
19187,6
19188,7
19189,6
19190,6
19191,4
19192,3
19193,4
19194,7
19195,8
19196,3
19197,5
19198,6
19199,6
19200,5
19201,6
19202,4
19203,3
19204,5
19205,6
19206,3
19207,3
19208,6
19209,5
19210,4
19211,7
19212,2
19213,6
19214,5
19215,4
19216,4
19217,7
19218,3
19219,5
19220,4
19221,4
19222,6
19223,4
19224,7
19225,5
19226,4
19227,6
19228,3
19229,4
19230,2
19231,5
19232,5
19233,8
19234,6
19235,4
19236,5
19237,3
19238,5
19239,4
19240,4
19241,5
19242,4
19243,4
19244,4
19245,4
19246,4
19247,3
19248,5
19249,4
19250,5
19251,2
19252,1
19253,4
19254,3
19255,7
19256,3
19257,3
19258,4
19259,7
19260,4
19261,5
19262,7
19263,2
19264,5
19265,6
19266,3
19267,5
19268,6
19269,4
19270,4
19271,5
19272,6
19273,6
19274,5
19275,5
19276,5
19277,4
19278,3
19279,6
19280,4
19281,3
19282,5
19283,5
19284,6
19285,7
19286,7
19287,5
19288,6
19289,6
19290,4
19291,5
19292,6
19293,5
19294,5
19295,4
19296,4
19297,4
19298,4
19299,6
19300,6
19301,3
19302,5
19303,4
19304,7
19305,4
19306,6
19307,2
19308,6
19309,5
19310,2
19311,3
19312,6
19313,8
19314,5
19315,4
19316,5
19317,3
19318,4
19319,3
19320,5
19321,6
19322,5
19323,4
19324,3
19325,5
19326,5
19327,6
19328,5
19329,6
19330,5
19331,5
19332,3
19333,4
19334,6
19335,7
19336,5
19337,3
19338,6
19339,4
19340,5
19341,6
19342,4
19343,4
19344,3
19345,3
19346,4
19347,4
19348,4
19349,6
19350,4
19351,4
19352,5
19353,4
19354,6
19355,5
19356,5
19357,4
19358,5
19359,6
19360,3
19361,2
19362,6
19363,4
19364,5
19365,4
19366,3
19367,3
19368,4
19369,5
19370,4
19371,5
19372,5
19373,4
19374,4
19375,4
19376,5
19377,6
19378,3
19379,6
19380,4
19381,7
19382,4
19383,6
19384,4
19385,4
19386,5
19387,6
19388,6
19389,5
19390,5
19391,4
19392,7
19393,5
19394,3
19395,5
19396,4
19397,4
19398,7
19399,5
19400,6
19401,5
19402,3
19403,6
19404,3
19405,4
19406,4
19407,3
19408,6
19409,4
19410,6
19411,5
19412,6
19413,6
19414,6
19415,5
19416,3
19417,5
19418,4
19419,8
19420,7
19421,5
19422,4
19423,6
19424,4
19425,4
19426,2
19427,4
19428,4
19429,6
19430,6
19431,4
19432,4
19433,7
19434,7
19435,5
19436,3
19437,2
19438,3
19439,4
19440,3
19441,4
19442,5
19443,3
19444,5
19445,4
19446,6
19447,6
19448,5
19449,4
19450,7
19451,3
19452,5
19453,4
19454,3
19455,5
19456,3
19457,6
19458,4
19459,3
19460,4
19461,6
19462,7
19463,5
19464,6
19465,7
19466,6
19467,6
19468,3
19469,7
19470,3
19471,5
19472,4
19473,4
19474,6
19475,6
19476,3
19477,5
19478,5
19479,4
19480,4
19481,5
19482,5
19483,5
19484,7
19485,5
19486,6
19487,4
19488,6
19489,4
19490,5
19491,3
19492,7
19493,6
19494,5
19495,5
19496,6
19497,6
19498,8
19499,4
19500,5
19501,7
19502,3
19503,2
19504,3
19505,5
19506,6
19507,4
19508,5
19509,3
19510,5
19511,6
19512,4
19513,6
19514,6
19515,4
19516,5
19517,4
19518,6
19519,6
19520,7
19521,5
19522,5
19523,6
19524,5
19525,5
19526,6
19527,6
19528,6
19529,6
19530,5
19531,5
19532,5
19533,4
19534,5
19535,5
19536,3
19537,5
19538,4
19539,4
19540,4
19541,4
19542,3
19543,4
19544,6
19545,2
19546,6
19547,3
19548,5
19549,6
19550,4
19551,3
19552,4
19553,4
19554,5
19555,4
19556,6
19557,5
19558,5
19559,5
19560,6
19561,7
19562,4
19563,4
19564,4
19565,3
19566,5
19567,3
19568,2
19569,7
19570,6
19571,6
19572,3
19573,7
19574,2
19575,6
19576,4
19577,4
19578,4
19579,3
19580,4
19581,5
19582,6
19583,7
19584,4
19585,4
19586,6
19587,8
19588,6
19589,7
19590,5
19591,6
19592,5
19593,6
19594,5
19595,7
19596,3
19597,2
19598,3
19599,6
19600,4
19601,6
19602,3
19603,6
19604,5
19605,7
19606,5
19607,6
19608,6
19609,5
19610,6
19611,4
19612,5
19613,6
19614,4
19615,4
19616,4
19617,5
19618,4
19619,5
19620,3
19621,5
19622,5
19623,2
19624,4
19625,4
19626,6
19627,5
19628,6
19629,5
19630,4
19631,7
19632,6
19633,5
19634,4
19635,7
19636,5
19637,5
19638,7
19639,7
19640,5
19641,4
19642,6
19643,4
19644,5
19645,5
19646,6
19647,6
19648,7
19649,4
19650,3
19651,4
19652,4
19653,4
19654,7
19655,5
19656,6
19657,6
19658,6
19659,4
19660,4
19661,6
19662,6
19663,8
19664,5
19665,7
19666,3
19667,6
19668,4
19669,4
19670,5
19671,5
19672,4
19673,4
19674,6
19675,6
19676,7
19677,4
19678,5
19679,6
19680,7
19681,4
19682,4
19683,6
19684,7
19685,3
19686,5
19687,5
19688,5
19689,5
19690,7
19691,5
19692,5
19693,6
19694,3
19695,7
19696,6
19697,2
19698,6
19699,6
19700,5
19701,4
19702,4
19703,5
19704,5
19705,5
19706,6
19707,6
19708,5
19709,3
19710,7
19711,5
19712,6
19713,6
19714,7
19715,6
19716,3
19717,4
19718,4
19719,4
19720,7
19721,7
19722,5
19723,5
19724,7
19725,5
19726,5
19727,4
19728,5
19729,4
19730,4
19731,6
19732,3
19733,5
19734,3
19735,5
19736,2
19737,5
19738,4
19739,5
19740,5
19741,5
19742,6
19743,3
19744,4
19745,3
19746,6
19747,6
19748,6
19749,6
19750,7
19751,6
19752,6
19753,6
19754,3
19755,6
19756,4
19757,5
19758,3
19759,4
19760,3
19761,4
19762,3
19763,4
19764,5
19765,4
19766,8
19767,5
19768,4
19769,7
19770,4
19771,7
19772,5
19773,7
19774,4
19775,6
19776,2
19777,5
19778,3
19779,3
19780,7
19781,4
19782,6
19783,3
19784,4
19785,5
19786,3
19787,7
19788,3
19789,6
19790,3
19791,7
19792,4
19793,7
19794,2
19795,8
19796,5
19797,5
19798,7
19799,6
19800,7
19801,5
19802,2
19803,3
19804,2
19805,5
19806,5
19807,7
19808,6
19809,4
19810,5
19811,3
19812,4
19813,7
19814,4
19815,6
19816,7
19817,5
19818,6
19819,4
19820,6
19821,4
19822,4
19823,4
19824,6
19825,6
19826,5
19827,4
19828,4
19829,4
19830,6
19831,5
19832,7
19833,5
19834,5
19835,3
19836,5
19837,7
19838,6
19839,6
19840,3
19841,4
19842,3
19843,5
19844,6
19845,5
19846,6
19847,3
19848,5
19849,6
19850,6
19851,5
19852,4
19853,3
19854,5
19855,3
19856,7
19857,3
19858,2
19859,6
19860,5
19861,3
19862,4
19863,4
19864,5
19865,8
19866,6
19867,5
19868,6
19869,3
19870,4
19871,2
19872,5
19873,4
19874,6
19875,7
19876,5
19877,4
19878,5
19879,6
19880,6
19881,5
19882,2
19883,6
19884,3
19885,5
19886,3
19887,2
19888,4
19889,5
19890,6
19891,3
19892,6
19893,7
19894,5
19895,6
19896,4
19897,5
19898,4
19899,4
19900,3
19901,5
19902,3
19903,7
19904,4
19905,5
19906,5
19907,8
19908,3
19909,4
19910,3
19911,3
19912,4
19913,5
19914,7
19915,3
19916,4
19917,3
19918,6
19919,4
19920,7
19921,6
19922,4
19923,6
19924,5
19925,4
19926,4
19927,4
19928,2
19929,3
19930,6
19931,2
19932,5
19933,3
19934,7
19935,4
19936,5
19937,4
19938,4
19939,6
19940,3
19941,3
19942,4
19943,5
19944,5
19945,3
19946,6
19947,5
19948,4
19949,6
19950,5
19951,5
19952,6
19953,6
19954,5
19955,3
19956,5
19957,5
19958,4
19959,5
19960,5
19961,5
19962,4
19963,6
19964,5
19965,6
19966,4
19967,6
19968,2
19969,6
19970,3
19971,5
19972,7
19973,5
19974,4
19975,6
19976,4
19977,4
19978,7
19979,5
19980,4
19981,4
19982,5
19983,7
19984,7
19985,5
19986,4
19987,6
19988,5
19989,4
19990,3
19991,5
19992,7
19993,5
19994,6
19995,4
19996,6
19997,6
19998,4
19999,3
20000,7
20001,5
20002,4
20003,5
20004,3
20005,7
20006,5
20007,6
20008,6
20009,4
20010,4
20011,5
20012,6
20013,4
20014,3
20015,5
20016,4
20017,7
20018,3
20019,5
20020,4
20021,4
20022,3
20023,6
20024,2
20025,3
20026,6
20027,3
20028,5
20029,3
20030,5
20031,4
20032,4
20033,4
20034,3
20035,5
20036,7
20037,2
20038,5
20039,4
20040,6
20041,6
20042,5
20043,3
20044,5
20045,2
20046,2
20047,6
20048,3
20049,2
20050,7
20051,5
20052,5
20053,3
20054,6
20055,5
20056,5
20057,7
20058,5
20059,6
20060,3
20061,5
20062,2
20063,7
20064,6
20065,5
20066,3
20067,5
20068,5
20069,7
20070,4
20071,3
20072,5
20073,6
20074,3
20075,6
20076,4
20077,3
20078,4
20079,4
20080,5
20081,3
20082,1
20083,5
20084,4
20085,5
20086,5
20087,2
20088,5
20089,5
20090,6
20091,2
20092,4
20093,5
20094,5
20095,3
20096,6
20097,6
20098,4
20099,4
20100,5
20101,6
20102,4
20103,2
20104,5
20105,7
20106,4
20107,4
20108,5
20109,4
20110,4
20111,6
20112,5
20113,6
20114,6
20115,3
20116,2
20117,4
20118,5
20119,5
20120,7
20121,3
20122,3
20123,7
20124,7
20125,4
20126,6
20127,3
20128,5
20129,6
20130,5
20131,4
20132,4
20133,3
20134,7
20135,2
20136,4
20137,4
20138,3
20139,5
20140,5
20141,5
20142,4
20143,7
20144,5
20145,4
20146,3
20147,4
20148,5
20149,7
20150,6
20151,2
20152,4
20153,4
20154,3
20155,6
20156,4
20157,4
20158,3
20159,3
20160,3
20161,5
20162,3
20163,6
20164,3
20165,4
20166,6
20167,4
20168,5
20169,5
20170,4
20171,5
20172,3
20173,5
20174,2
20175,2
20176,4
20177,7
20178,5
20179,7
20180,6
20181,4
20182,3
20183,6
20184,5
20185,5
20186,7
20187,1
20188,3
20189,6
20190,5
20191,7
20192,4
20193,3
20194,5
20195,2
20196,2
20197,7
20198,5
20199,7
20200,3
20201,3
20202,6
20203,6
20204,4
20205,6
20206,4
20207,4
20208,3
20209,7
20210,6
20211,4
20212,5
20213,5
20214,4
20215,5
20216,5
20217,4
20218,6
20219,5
20220,4
20221,7
20222,5
20223,6
20224,3
20225,5
20226,3
20227,6
20228,4
20229,4
20230,4
20231,6
20232,4
20233,5
20234,6
20235,7
20236,5
20237,3
20238,3
20239,5
20240,3
20241,6
20242,4
20243,6
20244,6
20245,6
20246,5
20247,5
20248,6
20249,5
20250,5
20251,1
20252,5
20253,4
20254,5
20255,2
20256,3
20257,6
20258,3
20259,0
20260,6
20261,3
20262,7
20263,6
20264,5
20265,5
20266,7
20267,5
20268,5
20269,4
20270,2
20271,5
20272,6
20273,7
20274,3
20275,6
20276,6
20277,7
20278,7
20279,3
20280,6
20281,6
20282,4
20283,6
20284,4
20285,7
20286,5
20287,4
20288,2
20289,5
20290,5
20291,7
20292,4
20293,4
20294,4
20295,5
20296,3
20297,3
20298,6
20299,7
20300,4
20301,7
20302,7
20303,5
20304,4
20305,5
20306,5
20307,1
20308,8
20309,4
20310,3
20311,4
20312,5
20313,4
20314,4
20315,3
20316,3
20317,3
20318,5
20319,7
20320,3
20321,6
20322,6
20323,1
20324,3
20325,6
20326,4
20327,4
20328,6
20329,3
20330,5
20331,5
20332,4
20333,5
20334,5
20335,4
20336,6
20337,3
20338,6
20339,4
20340,6
20341,5
20342,5
20343,6
20344,5
20345,6
20346,6
20347,5
20348,4
20349,3
20350,3
20351,5
20352,5
20353,5
20354,3
20355,5
20356,5
20357,6
20358,6
20359,4
20360,5
20361,5
20362,7
20363,5
20364,6
20365,5
20366,3
20367,6
20368,6
20369,4
20370,7
20371,7
20372,5
20373,4
20374,5
20375,6
20376,5
20377,5
20378,5
20379,5
20380,7
20381,4
20382,7
20383,7
20384,7
20385,6
20386,7
20387,5
20388,5
20389,3
20390,7
20391,6
20392,3
20393,4
20394,7
20395,3
20396,3
20397,4
20398,4
20399,6
20400,4
20401,4
20402,4
20403,4
20404,2
20405,7
20406,7
20407,6
20408,4
20409,5
20410,3
20411,3
20412,3
20413,4
20414,5
20415,6
20416,5
20417,8
20418,7
20419,4
20420,6
20421,6
20422,7
20423,4
20424,7
20425,6
20426,6
20427,7
20428,4
20429,5
20430,5
20431,3
20432,4
20433,2
20434,5
20435,6
20436,7
20437,6
20438,2
20439,4
20440,6
20441,3
20442,2
20443,3
20444,6
20445,6
20446,5
20447,6
20448,4
20449,2
20450,3
20451,3
20452,5
20453,4
20454,7
20455,2
20456,4
20457,6
20458,4
20459,4
20460,4
20461,4
20462,5
20463,5
20464,6
20465,6
20466,3
20467,6
20468,3
20469,6
20470,5
20471,5
20472,6
20473,8
20474,6
20475,6
20476,7
20477,5
20478,5
20479,4
20480,5
20481,5
20482,1
20483,6
20484,6
20485,2
20486,4
20487,4
20488,6
20489,4
20490,4
20491,3
20492,5
20493,2
20494,5
20495,4
20496,7
20497,3
20498,4
20499,4
20500,5
20501,6
20502,6
20503,4
20504,5
20505,5
20506,3
20507,5
20508,3
20509,4
20510,7
20511,4
20512,7
20513,6
20514,3
20515,4
20516,2
20517,5
20518,6
20519,5
20520,6
20521,4
20522,3
20523,4
20524,2
20525,6
20526,5
20527,4
20528,6
20529,5
20530,4
20531,4
20532,5
20533,5
20534,6
20535,3
20536,5
20537,4
20538,4
20539,4
20540,6
20541,6
20542,4
20543,6
20544,5
20545,5
20546,6
20547,6
20548,5
20549,4
20550,6
20551,4
20552,7
20553,5
20554,6
20555,7
20556,3
20557,3
20558,5
20559,5
20560,6
20561,5
20562,5
20563,6
20564,5
20565,4
20566,3
20567,3
20568,5
20569,7
20570,3
20571,4
20572,3
20573,6
20574,5
20575,7
20576,7
20577,3
20578,5
20579,3
20580,3
20581,5
20582,2
20583,4
20584,4
20585,4
20586,6
20587,5
20588,4
20589,5
20590,3
20591,4
20592,5
20593,4
20594,5
20595,5
20596,5
20597,7
20598,4
20599,5
20600,3
20601,5
20602,3
20603,6
20604,3
20605,3
20606,5
20607,3
20608,5
20609,5
20610,5
20611,5
20612,4
20613,6
20614,6
20615,6
20616,5
20617,7
20618,4
20619,3
20620,5
20621,6
20622,3
20623,3
20624,7
20625,5
20626,2
20627,2
20628,3
20629,7
20630,8
20631,5
20632,4
20633,6
20634,7
20635,6
20636,4
20637,3
20638,8
20639,7
20640,5
20641,6
20642,2
20643,5
20644,3
20645,2
20646,4
20647,7
20648,5
20649,6
20650,3
20651,6
20652,6
20653,4
20654,5
20655,6
20656,4
20657,3
20658,6
20659,6
20660,5
20661,1
20662,7
20663,7
20664,7
20665,4
20666,6
20667,5
20668,5
20669,3
20670,6
20671,4
20672,3
20673,5
20674,2
20675,3
20676,6
20677,6
20678,1
20679,3
20680,3
20681,2
20682,2
20683,4
20684,3
20685,4
20686,6
20687,4
20688,6
20689,5
20690,5
20691,5
20692,4
20693,5
20694,6
20695,5
20696,5
20697,6
20698,4
20699,4
20700,7
20701,3
20702,7
20703,3
20704,5
20705,4
20706,4
20707,5
20708,3
20709,6
20710,6
20711,5
20712,4
20713,4
20714,5
20715,7
20716,6
20717,4
20718,7
20719,6
20720,7
20721,7
20722,4
20723,6
20724,2
20725,3
20726,6
20727,5
20728,4
20729,3
20730,6
20731,5
20732,3
20733,5
20734,3
20735,6
20736,6
20737,4
20738,6
20739,3
20740,5
20741,4
20742,6
20743,5
20744,1
20745,7
20746,5
20747,6
20748,4
20749,5
20750,5
20751,6
20752,3
20753,5
20754,6
20755,5
20756,6
20757,5
20758,7
20759,7
20760,4
20761,5
20762,5
20763,5
20764,7
20765,5
20766,4
20767,5
20768,7
20769,5
20770,7
20771,5
20772,4
20773,3
20774,5
20775,5
20776,5
20777,4
20778,7
20779,6
20780,2
20781,4
20782,5
20783,7
20784,6
20785,5
20786,3
20787,4
20788,4
20789,6
20790,4
20791,3
20792,6
20793,4
20794,5
20795,6
20796,5
20797,6
20798,4
20799,3
20800,5
20801,3
20802,8
20803,4
20804,3
20805,5
20806,5
20807,6
20808,4
20809,4
20810,6
20811,5
20812,7
20813,3
20814,3
20815,3
20816,4
20817,5
20818,5
20819,8
20820,6
20821,3
20822,5
20823,4
20824,6
20825,4
20826,5
20827,8
20828,8
20829,5
20830,4
20831,6
20832,5
20833,6
20834,4
20835,3
20836,5
20837,8
20838,4
20839,5
20840,4
20841,5
20842,5
20843,7
20844,4
20845,6
20846,5
20847,5
20848,5
20849,6
20850,5
20851,6
20852,5
20853,6
20854,6
20855,5
20856,3
20857,1
20858,7
20859,6
20860,5
20861,7
20862,6
20863,7
20864,5
20865,6
20866,3
20867,4
20868,5
20869,5
20870,5
20871,2
20872,6
20873,7
20874,5
20875,4
20876,4
20877,4
20878,5
20879,3
20880,7
20881,4
20882,3
20883,7
20884,2
20885,6
20886,3
20887,3
20888,7
20889,4
20890,6
20891,3
20892,5
20893,4
20894,6
20895,6
20896,6
20897,3
20898,6
20899,5
20900,4
20901,6
20902,5
20903,6
20904,6
20905,7
20906,6
20907,4
20908,7
20909,4
20910,4
20911,6
20912,2
20913,5
20914,7
20915,4
20916,6
20917,3
20918,3
20919,6
20920,6
20921,5
20922,4
20923,5
20924,6
20925,3
20926,6
20927,5
20928,6
20929,6
20930,4
20931,5
20932,4
20933,5
20934,6
20935,4
20936,3
20937,5
20938,4
20939,7
20940,5
20941,4
20942,6
20943,4
20944,7
20945,4
20946,6
20947,7
20948,4
20949,3
20950,6
20951,3
20952,4
20953,5
20954,3
20955,7
20956,3
20957,6
20958,3
20959,5
20960,4
20961,6
20962,4
20963,5
20964,5
20965,4
20966,5
20967,2
20968,2
20969,6
20970,4
20971,6
20972,5
20973,5
20974,2
20975,4
20976,3
20977,4
20978,4
20979,7
20980,4
20981,4
20982,5
20983,6
20984,4
20985,3
20986,4
20987,5
20988,4
20989,5
20990,3
20991,5
20992,6
20993,7
20994,4
20995,7
20996,3
20997,3
20998,6
20999,4
21000,5
21001,5
21002,6
21003,6
21004,5
21005,7
21006,5
21007,3
21008,6
21009,5
21010,5
21011,5
21012,3
21013,7
21014,6
21015,5
21016,6
21017,4
21018,2
21019,5
21020,3
21021,3
21022,7
21023,6
21024,3
21025,6
21026,4
21027,6
21028,4
21029,6
21030,6
21031,7
21032,8
21033,5
21034,5
21035,4
21036,3
21037,4
21038,3
21039,4
21040,5
21041,4
21042,5
21043,7
21044,6
21045,6
21046,3
21047,4
21048,4
21049,5
21050,3
21051,5
21052,6
21053,5
21054,3
21055,7
21056,3
21057,3
21058,6
21059,4
21060,4
21061,6
21062,7
21063,3
21064,5
21065,5
21066,6
21067,4
21068,5
21069,4
21070,6
21071,6
21072,4
21073,6
21074,4
21075,4
21076,3
21077,6
21078,6
21079,5
21080,4
21081,6
21082,5
21083,6
21084,2
21085,5
21086,8
21087,6
21088,6
21089,6
21090,5
21091,3
21092,3
21093,5
21094,7
21095,3
21096,7
21097,4
21098,5
21099,6
21100,6
21101,4
21102,3
21103,8
21104,2
21105,6
21106,5
21107,7
21108,6
21109,4
21110,3
21111,6
21112,2
21113,5
21114,3
21115,7
21116,4
21117,3
21118,7
21119,6
21120,6
21121,3
21122,5
21123,4
21124,3
21125,7
21126,4
21127,3
21128,5
21129,7
21130,6
21131,5
21132,7
21133,6
21134,4
21135,6
21136,1
21137,6
21138,3
21139,8
21140,7
21141,5
21142,3
21143,3
21144,6
21145,6
21146,7
21147,4
21148,7
21149,5
21150,6
21151,5
21152,3
21153,4
21154,6
21155,6
21156,5
21157,4
21158,6
21159,3
21160,2
21161,7
21162,7
21163,2
21164,2
21165,3
21166,6
21167,6
21168,4
21169,2
21170,5
21171,6
21172,5
21173,6
21174,6
21175,4
21176,4
21177,7
21178,6
21179,6
21180,4
21181,3
21182,6
21183,6
21184,6
21185,3
21186,5
21187,6
21188,3
21189,7
21190,7
21191,3
21192,5
21193,7
21194,5
21195,7
21196,3
21197,4
21198,7
21199,6
21200,4
21201,6
21202,2
21203,4
21204,4
21205,6
21206,3
21207,2
21208,6
21209,3
21210,4
21211,2
21212,5
21213,6
21214,2
21215,5
21216,4
21217,5
21218,4
21219,5
21220,6
21221,5
21222,4
21223,6
21224,6
21225,4
21226,4
21227,6
21228,4
21229,2
21230,6
21231,4
21232,4
21233,2
21234,3
21235,5
21236,4
21237,6
21238,4
21239,6
21240,5
21241,3
21242,4
21243,6
21244,3
21245,5
21246,4
21247,6
21248,5
21249,6
21250,6
21251,3
21252,6
21253,6
21254,5
21255,4
21256,7
21257,5
21258,7
21259,6
21260,3
21261,5
21262,6
21263,5
21264,5
21265,5
21266,4
21267,5
21268,4
21269,6
21270,7
21271,3
21272,4
21273,5
21274,2
21275,6
21276,4
21277,4
21278,3
21279,5
21280,5
21281,6
21282,6
21283,2
21284,2
21285,6
21286,6
21287,3
21288,7
21289,6
21290,5
21291,5
21292,5
21293,5
21294,5
21295,6
21296,5
21297,4
21298,5
21299,4
21300,5
21301,6
21302,5
21303,3
21304,4
21305,6
21306,5
21307,5
21308,5
21309,6
21310,1
21311,4
21312,5
21313,3
21314,5
21315,3
21316,4
21317,4
21318,3
21319,4
21320,5
21321,5
21322,4
21323,3
21324,6
21325,5
21326,5
21327,7
21328,4
21329,5
21330,3
21331,4
21332,7
21333,6
21334,5
21335,5
21336,5
21337,5
21338,3
21339,4
21340,3
21341,6
21342,2
21343,6
21344,3
21345,7
21346,6
21347,4
21348,2
21349,4
21350,6
21351,4
21352,5
21353,6
21354,4
21355,2
21356,5
21357,6
21358,6
21359,7
21360,4
21361,5
21362,3
21363,4
21364,1
21365,2
21366,6
21367,3
21368,5
21369,5
21370,3
21371,1
21372,6
21373,5
21374,7
21375,7
21376,6
21377,2
21378,2
21379,4
21380,2
21381,6
21382,4
21383,4
21384,4
21385,4
21386,6
21387,6
21388,4
21389,6
21390,7
21391,2
21392,7
21393,7
21394,6
21395,2
21396,4
21397,5
21398,6
21399,3
21400,2
21401,5
21402,2
21403,7
21404,3
21405,4
21406,5
21407,3
21408,4
21409,2
21410,5
21411,3
21412,6
21413,2
21414,6
21415,4
21416,6
21417,5
21418,4
21419,3
21420,5
21421,4
21422,5
21423,7
21424,4
21425,2
21426,5
21427,7
21428,4
21429,3
21430,3
21431,6
21432,5
21433,4
21434,1
21435,2
21436,4
21437,4
21438,5
21439,4
21440,6
21441,3
21442,2
21443,3
21444,4
21445,5
21446,2
21447,3
21448,4
21449,3
21450,5
21451,1
21452,3
21453,5
21454,4
21455,7
21456,2
21457,4
21458,4
21459,5
21460,3
21461,4
21462,5
21463,4
21464,4
21465,1
21466,6
21467,4
21468,4
21469,2
21470,6
21471,3
21472,7
21473,4
21474,4
21475,5
21476,2
21477,5
21478,5
21479,5
21480,3
21481,3
21482,5
21483,4
21484,6
21485,4
21486,5
21487,6
21488,3
21489,5
21490,1
21491,5
21492,2
21493,8
21494,2
21495,4
21496,1
21497,4
21498,4
21499,2
21500,7
21501,4
21502,3
21503,5
21504,5
21505,5
21506,6
21507,3
21508,3
21509,7
21510,5
21511,4
21512,7
21513,5
21514,1
21515,3
21516,4
21517,5
21518,1
21519,6
21520,6
21521,5
21522,6
21523,7
21524,4
21525,1
21526,4
21527,2
21528,3
21529,7
21530,5
21531,2
21532,5
21533,5
21534,5
21535,4
21536,6
21537,5
21538,7
21539,6
21540,4
21541,6
21542,7
21543,7
21544,6
21545,3
21546,4
21547,5
21548,5
21549,5
21550,6
21551,4
21552,7
21553,4
21554,6
21555,7
21556,6
21557,4
21558,3
21559,3
21560,5
21561,2
21562,3
21563,5
21564,4
21565,5
21566,4
21567,6
21568,5
21569,0
21570,6
21571,5
21572,2
21573,6
21574,5
21575,6
21576,4
21577,5
21578,6
21579,4
21580,4
21581,5
21582,5
21583,5
21584,7
21585,3
21586,5
21587,4
21588,3
21589,2
21590,3
21591,3
21592,5
21593,3
21594,7
21595,3
21596,3
21597,6
21598,5
21599,6
21600,5
21601,2
21602,3
21603,5
21604,2
21605,4
21606,5
21607,1
21608,3
21609,4
21610,4
21611,4
21612,6
21613,5
21614,5
21615,4
21616,1
21617,3
21618,3
21619,5
21620,6
21621,3
21622,4
21623,4
21624,5
21625,3
21626,3
21627,1
21628,3
21629,4
21630,2
21631,2
21632,5
21633,4
21634,6
21635,3
21636,2
21637,7
21638,3
21639,4
21640,4
21641,2
21642,6
21643,4
21644,2
21645,6
21646,5
21647,8
21648,6
21649,6
21650,8
21651,5
21652,3
21653,3
21654,4
21655,3
21656,6
21657,6
21658,7
21659,2
21660,1
21661,6
21662,4
21663,3
21664,7
21665,3
21666,6
21667,5
21668,3
21669,4
21670,5
21671,3
21672,5
21673,5
21674,5
21675,7
21676,4
21677,5
21678,5
21679,3
21680,6
21681,6
21682,2
21683,6
21684,6
21685,4
21686,5
21687,3
21688,6
21689,3
21690,6
21691,3
21692,4
21693,5
21694,5
21695,6
21696,3
21697,5
21698,5
21699,5
21700,5
21701,2
21702,5
21703,7
21704,4
21705,3
21706,7
21707,2
21708,3
21709,1
21710,3
21711,5
21712,4
21713,4
21714,5
21715,6
21716,2
21717,5
21718,7
21719,4
21720,5
21721,8
21722,2
21723,4
21724,6
21725,6
21726,2
21727,7
21728,4
21729,4
21730,4
21731,3
21732,6
21733,3
21734,6
21735,4
21736,3
21737,4
21738,7
21739,6
21740,3
21741,7
21742,2
21743,4
21744,5
21745,4
21746,3
21747,6
21748,4
21749,7
21750,2
21751,1
21752,2
21753,5
21754,2
21755,5
21756,7
21757,5
21758,5
21759,1
21760,4
21761,5
21762,1
21763,6
21764,4
21765,4
21766,3
21767,4
21768,6
21769,1
21770,3
21771,7
21772,4
21773,5
21774,3
21775,3
21776,6
21777,3
21778,4
21779,6
21780,7
21781,7
21782,6
21783,6
21784,5
21785,7
21786,3
21787,1
21788,3
21789,4
21790,2
21791,5
21792,5
21793,3
21794,4
21795,5
21796,5
21797,5
21798,3
21799,5
21800,3
21801,2
21802,3
21803,4
21804,5
21805,5
21806,4
21807,3
21808,2
21809,4
21810,7
21811,6
21812,4
21813,6
21814,6
21815,4
21816,2
21817,5
21818,4
21819,5
21820,5
21821,3
21822,2
21823,6
21824,3
21825,5
21826,4
21827,4
21828,2
21829,3
21830,7
21831,3
21832,2
21833,4
21834,4
21835,5
21836,4
21837,7
21838,1
21839,3
21840,5
21841,5
21842,2
21843,5
21844,3
21845,7
21846,4
21847,5
21848,7
21849,5
21850,2
21851,2
21852,3
21853,3
21854,6
21855,4
21856,5
21857,4
21858,4
21859,5
21860,4
21861,7
21862,5
21863,7
21864,4
21865,5
21866,6
21867,5
21868,2
21869,4
21870,3
21871,7
21872,3
21873,1
21874,6
21875,7
21876,1
21877,4
21878,4
21879,0
21880,1
21881,7
21882,5
21883,6
21884,4
21885,3
21886,4
21887,7
21888,5
21889,7
21890,2
21891,3
21892,6
21893,7
21894,2
21895,5
21896,5
21897,4
21898,4
21899,8
21900,6
21901,4
21902,6
21903,4
21904,4
21905,3
21906,7
21907,7
21908,5
21909,4
21910,3
21911,3
21912,4
21913,3
21914,3
21915,6
21916,2
21917,4
21918,7
21919,5
21920,5
21921,3
21922,7
21923,5
21924,7
21925,3
21926,6
21927,0
21928,3
21929,3
21930,5
21931,5
21932,2
21933,5
21934,2
21935,6
21936,6
21937,1
21938,6
21939,5
21940,3
21941,4
21942,6
21943,5
21944,6
21945,3
21946,5
21947,4
21948,4
21949,6
21950,7
21951,5
21952,6
21953,3
21954,5
21955,3
21956,6
21957,3
21958,6
21959,4
21960,2
21961,1
21962,4
21963,1
21964,5
21965,4
21966,2
21967,4
21968,7
21969,4
21970,4
21971,3
21972,6
21973,6
21974,6
21975,3
21976,5
21977,3
21978,5
21979,3
21980,4
21981,5
21982,4
21983,6
21984,5
21985,5
21986,5
21987,3
21988,7
21989,2
21990,4
21991,8
21992,6
21993,7
21994,7
21995,4
21996,6
21997,5
21998,3
21999,5
22000,7
22001,3
22002,7
22003,7
22004,3
22005,2
22006,4
22007,4
22008,6
22009,3
22010,4
22011,4
22012,3
22013,3
22014,5
22015,4
22016,5
22017,2
22018,6
22019,2
22020,3
22021,1
22022,5
22023,7
22024,8
22025,4
22026,3
22027,2
22028,6
22029,7
22030,4
22031,3
22032,7
22033,5
22034,2
22035,1
22036,6
22037,4
22038,5
22039,3
22040,5
22041,4
22042,3
22043,3
22044,7
22045,5
22046,4
22047,4
22048,3
22049,4
22050,4
22051,5
22052,3
22053,4
22054,6
22055,7
22056,2
22057,6
22058,3
22059,6
22060,3
22061,5
22062,3
22063,1
22064,4
22065,7
22066,6
22067,2
22068,5
22069,8
22070,7
22071,4
22072,3
22073,7
22074,4
22075,8
22076,6
22077,4
22078,6
22079,6
22080,4
22081,6
22082,6
22083,7
22084,5
22085,5
22086,3
22087,5
22088,5
22089,4
22090,2
22091,3
22092,5
22093,3
22094,3
22095,3
22096,4
22097,4
22098,5
22099,4
22100,4
22101,3
22102,6
22103,6
22104,4
22105,7
22106,5
22107,5
22108,4
22109,6
22110,6
22111,6
22112,1
22113,6
22114,5
22115,5
22116,2
22117,6
22118,7
22119,5
22120,3
22121,4
22122,3
22123,5
22124,5
22125,3
22126,6
22127,3
22128,2
22129,4
22130,5
22131,6
22132,7
22133,5
22134,3
22135,5
22136,2
22137,2
22138,3
22139,4
22140,5
22141,3
22142,7
22143,8
22144,5
22145,2
22146,5
22147,5
22148,4
22149,4
22150,6
22151,3
22152,3
22153,5
22154,6
22155,7
22156,6
22157,3
22158,7
22159,5
22160,4
22161,6
22162,6
22163,6
22164,4
22165,6
22166,3
22167,6
22168,6
22169,3
22170,2
22171,5
22172,4
22173,1
22174,5
22175,7
22176,5
22177,5
22178,6
22179,6
22180,2
22181,2
22182,4
22183,5
22184,5
22185,4
22186,7
22187,4
22188,4
22189,5
22190,5
22191,8
22192,5
22193,7
22194,8
22195,4
22196,7
22197,3
22198,3
22199,3
22200,4
22201,5
22202,5
22203,2
22204,4
22205,6
22206,3
22207,6
22208,4
22209,2
22210,3
22211,6
22212,8
22213,6
22214,6
22215,4
22216,4
22217,1
22218,4
22219,3
22220,3
22221,5
22222,7
22223,7
22224,7
22225,5
22226,5
22227,5
22228,3
22229,6
22230,5
22231,6
22232,5
22233,4
22234,4
22235,5
22236,1
22237,3
22238,4
22239,4
22240,6
22241,3
22242,5
22243,3
22244,5
22245,4
22246,4
22247,4
22248,7
22249,3
22250,5
22251,4
22252,6
22253,4
22254,6
22255,5
22256,2
22257,4
22258,6
22259,4
22260,5
22261,5
22262,1
22263,5
22264,6
22265,5
22266,4
22267,6
22268,5
22269,3
22270,2
22271,5
22272,2
22273,5
22274,2
22275,4
22276,5
22277,3
22278,4
22279,1
22280,6
22281,5
22282,5
22283,3
22284,4
22285,6
22286,3
22287,4
22288,1
22289,6
22290,4
22291,5
22292,4
22293,2
22294,4
22295,4
22296,5
22297,5
22298,5
22299,3
22300,1
22301,4
22302,3
22303,5
22304,4
22305,4
22306,3
22307,7
22308,5
22309,7
22310,4
22311,7
22312,3
22313,4
22314,5
22315,2
22316,5
22317,2
22318,1
22319,4
22320,6
22321,4
22322,1
22323,2
22324,7
22325,3
22326,7
22327,1
22328,4
22329,4
22330,5
22331,3
22332,3
22333,4
22334,2
22335,5
22336,1
22337,4
22338,4
22339,6
22340,3
22341,4
22342,6
22343,5
22344,8
22345,4
22346,5
22347,5
22348,6
22349,5
22350,6
22351,4
22352,3
22353,2
22354,3
22355,8
22356,5
22357,5
22358,5
22359,7
22360,4
22361,4
22362,4
22363,7
22364,6
22365,2
22366,5
22367,5
22368,5
22369,3
22370,5
22371,3
22372,3
22373,5
22374,4
22375,4
22376,4
22377,4
22378,6
22379,3
22380,6
22381,6
22382,2
22383,3
22384,3
22385,7
22386,7
22387,3
22388,2
22389,5
22390,3
22391,5
22392,1
22393,6
22394,6
22395,1
22396,5
22397,3
22398,6
22399,4
22400,6
22401,5
22402,5
22403,5
22404,5
22405,5
22406,5
22407,2
22408,5
22409,4
22410,3
22411,3
22412,3
22413,7
22414,3
22415,3
22416,6
22417,4
22418,4
22419,7
22420,7
22421,5
22422,6
22423,3
22424,7
22425,4
22426,4
22427,3
22428,2
22429,1
22430,2
22431,5
22432,4
22433,4
22434,1
22435,3
22436,6
22437,3
22438,4
22439,4
22440,4
22441,4
22442,4
22443,3
22444,5
22445,5
22446,4
22447,4
22448,4
22449,4
22450,7
22451,5
22452,5
22453,6
22454,7
22455,5
22456,5
22457,6
22458,3
22459,5
22460,6
22461,8
22462,3
22463,5
22464,6
22465,5
22466,2
22467,1
22468,6
22469,3
22470,5
22471,3
22472,5
22473,3
22474,3
22475,5
22476,3
22477,3
22478,8
22479,5
22480,6
22481,5
22482,6
22483,5
22484,5
22485,5
22486,6
22487,3
22488,5
22489,6
22490,4
22491,1
22492,5
22493,5
22494,7
22495,5
22496,6
22497,3
22498,4
22499,4
22500,5
22501,5
22502,3
22503,5
22504,5
22505,4
22506,7
22507,3
22508,6
22509,6
22510,7
22511,5
22512,6
22513,6
22514,0
22515,3
22516,4
22517,2
22518,4
22519,6
22520,5
22521,1
22522,5
22523,4
22524,4
22525,6
22526,6
22527,3
22528,1
22529,4
22530,3
22531,4
22532,2
22533,3
22534,6
22535,3
22536,6
22537,5
22538,8
22539,4
22540,5
22541,6
22542,4
22543,3
22544,3
22545,4
22546,3
22547,3
22548,4
22549,8
22550,4
22551,6
22552,3
22553,5
22554,7
22555,2
22556,5
22557,4
22558,2
22559,3
22560,2
22561,5
22562,1
22563,3
22564,5
22565,5
22566,6
22567,3
22568,7
22569,2
22570,7
22571,4
22572,5
22573,7
22574,3
22575,4
22576,3
22577,3
22578,3
22579,4
22580,5
22581,2
22582,3
22583,5
22584,4
22585,2
22586,5
22587,6
22588,3
22589,3
22590,5
22591,3
22592,6
22593,3
22594,3
22595,4
22596,4
22597,3
22598,2
22599,4
22600,3
22601,3
22602,4
22603,7
22604,7
22605,4
22606,5
22607,4
22608,3
22609,8
22610,3
22611,6
22612,5
22613,6
22614,7
22615,8
22616,3
22617,3
22618,5
22619,2
22620,2
22621,2
22622,8
22623,5
22624,3
22625,3
22626,3
22627,3
22628,6
22629,4
22630,3
22631,5
22632,5
22633,6
22634,2
22635,6
22636,7
22637,4
22638,3
22639,6
22640,2
22641,2
22642,5
22643,1
22644,6
22645,3
22646,5
22647,4
22648,6
22649,6
22650,7
22651,6
22652,3
22653,5
22654,4
22655,6
22656,4
22657,2
22658,2
22659,6
22660,3
22661,0
22662,4
22663,5
22664,5
22665,4
22666,5
22667,6
22668,7
22669,6
22670,6
22671,3
22672,4
22673,3
22674,5
22675,3
22676,5
22677,4
22678,7
22679,4
22680,3
22681,3
22682,2
22683,3
22684,4
22685,3
22686,5
22687,3
22688,5
22689,4
22690,6
22691,7
22692,2
22693,6
22694,3
22695,6
22696,5
22697,4
22698,3
22699,4
22700,6
22701,7
22702,5
22703,7
22704,4
22705,5
22706,6
22707,3
22708,7
22709,4
22710,3
22711,2
22712,4
22713,7
22714,3
22715,2
22716,2
22717,6
22718,4
22719,5
22720,3
22721,2
22722,3
22723,7
22724,7
22725,1
22726,4
22727,2
22728,6
22729,5
22730,2
22731,7
22732,2
22733,6
22734,5
22735,6
22736,7
22737,6
22738,4
22739,5
22740,5
22741,3
22742,4
22743,6
22744,6
22745,5
22746,7
22747,1
22748,2
22749,4
22750,6
22751,3
22752,2
22753,1
22754,6
22755,4
22756,7
22757,6
22758,6
22759,4
22760,1
22761,2
22762,2
22763,6
22764,4
22765,4
22766,3
22767,3
22768,5
22769,2
22770,5
22771,4
22772,6
22773,4
22774,5
22775,3
22776,5
22777,7
22778,8
22779,4
22780,6
22781,3
22782,3
22783,4
22784,5
22785,4
22786,1
22787,4
22788,3
22789,5
22790,5
22791,4
22792,4
22793,7
22794,3
22795,1
22796,6
22797,2
22798,4
22799,3
22800,6
22801,3
22802,5
22803,5
22804,3
22805,3
22806,4
22807,7
22808,5
22809,5
22810,5
22811,6
22812,5
22813,5
22814,2
22815,7
22816,4
22817,8
22818,3
22819,6
22820,2
22821,5
22822,6
22823,6
22824,2
22825,3
22826,2
22827,6
22828,4
22829,4
22830,3
22831,6
22832,7
22833,3
22834,3
22835,3
22836,3
22837,6
22838,7
22839,4
22840,5
22841,4
22842,4
22843,4
22844,3
22845,4
22846,6
22847,5
22848,5
22849,6
22850,2
22851,4
22852,5
22853,4
22854,6
22855,2
22856,3
22857,2
22858,3
22859,5
22860,2
22861,5
22862,2
22863,6
22864,6
22865,6
22866,2
22867,4
22868,5
22869,6
22870,2
22871,6
22872,5
22873,5
22874,2
22875,4
22876,6
22877,4
22878,6
22879,6
22880,7
22881,5
22882,6
22883,2
22884,4
22885,4
22886,5
22887,4
22888,2
22889,3
22890,6
22891,5
22892,6
22893,2
22894,4
22895,2
22896,4
22897,4
22898,3
22899,4
22900,4
22901,6
22902,4
22903,2
22904,6
22905,3
22906,4
22907,1
22908,3
22909,3
22910,4
22911,5
22912,5
22913,5
22914,6
22915,5
22916,5
22917,5
22918,4
22919,6
22920,3
22921,6
22922,1
22923,2
22924,3
22925,4
22926,5
22927,3
22928,3
22929,4
22930,5
22931,5
22932,8
22933,2
22934,5
22935,1
22936,7
22937,4
22938,7
22939,1
22940,3
22941,3
22942,5
22943,6
22944,7
22945,3
22946,5
22947,3
22948,3
22949,3
22950,5
22951,4
22952,3
22953,5
22954,4
22955,2
22956,5
22957,2
22958,2
22959,4
22960,2
22961,5
22962,5
22963,6
22964,3
22965,7
22966,4
22967,4
22968,3
22969,5
22970,4
22971,3
22972,4
22973,5
22974,6
22975,4
22976,4
22977,2
22978,6
22979,6
22980,4
22981,1
22982,7
22983,3
22984,5
22985,5
22986,2
22987,3
22988,7
22989,7
22990,4
22991,4
22992,4
22993,2
22994,3
22995,4
22996,6
22997,5
22998,7
22999,6
23000,4
23001,5
23002,6
23003,7
23004,4
23005,2
23006,4
23007,2
23008,4
23009,3
23010,2
23011,6
23012,4
23013,6
23014,5
23015,6
23016,3
23017,3
23018,6
23019,2
23020,5
23021,1
23022,7
23023,8
23024,4
23025,7
23026,5
23027,2
23028,2
23029,5
23030,6
23031,2
23032,5
23033,1
23034,5
23035,3
23036,4
23037,3
23038,5
23039,4
23040,6
23041,6
23042,7
23043,6
23044,5
23045,3
23046,4
23047,7
23048,1
23049,4
23050,6
23051,4
23052,5
23053,3
23054,5
23055,4
23056,5
23057,6
23058,6
23059,8
23060,1
23061,4
23062,5
23063,4
23064,7
23065,3
23066,7
23067,5
23068,3
23069,5
23070,5
23071,5
23072,4
23073,5
23074,3
23075,4
23076,2
23077,3
23078,7
23079,5
23080,6
23081,5
23082,5
23083,4
23084,2
23085,4
23086,3
23087,3
23088,7
23089,4
23090,2
23091,4
23092,6
23093,7
23094,2
23095,4
23096,5
23097,6
23098,5
23099,5
23100,3
23101,5
23102,6
23103,6
23104,3
23105,2
23106,4
23107,4
23108,4
23109,4
23110,3
23111,6
23112,7
23113,4
23114,3
23115,4
23116,1
23117,7
23118,4
23119,8
23120,3
23121,7
23122,6
23123,3
23124,5
23125,4
23126,4
23127,8
23128,5
23129,2
23130,2
23131,2
23132,5
23133,4
23134,2
23135,5
23136,2
23137,6
23138,5
23139,5
23140,5
23141,7
23142,5
23143,3
23144,6
23145,6
23146,2
23147,6
23148,5
23149,3
23150,4
23151,7
23152,5
23153,5
23154,1
23155,3
23156,3
23157,5
23158,4
23159,4
23160,6
23161,5
23162,6
23163,3
23164,3
23165,3
23166,5
23167,5
23168,5
23169,1
23170,3
23171,6
23172,5
23173,3
23174,6
23175,5
23176,4
23177,4
23178,4
23179,3
23180,3
23181,7
23182,3
23183,4
23184,4
23185,6
23186,5
23187,7
23188,4
23189,7
23190,2
23191,2
23192,2
23193,2
23194,3
23195,6
23196,6
23197,3
23198,5
23199,4
23200,2
23201,4
23202,3
23203,7
23204,7
23205,5
23206,3
23207,1
23208,5
23209,2
23210,4
23211,3
23212,4
23213,4
23214,3
23215,2
23216,6
23217,6
23218,4
23219,5
23220,4
23221,3
23222,5
23223,2
23224,7
23225,2
23226,5
23227,4
23228,3
23229,3
23230,3
23231,6
23232,2
23233,5
23234,5
23235,2
23236,3
23237,5
23238,2
23239,4
23240,5
23241,6
23242,5
23243,3
23244,4
23245,6
23246,6
23247,6
23248,3
23249,4
23250,3
23251,2
23252,1
23253,3
23254,5
23255,6
23256,4
23257,5
23258,5
23259,4
23260,4
23261,5
23262,6
23263,6
23264,5
23265,1
23266,2
23267,4
23268,5
23269,4
23270,3
23271,4
23272,5
23273,2
23274,3
23275,3
23276,3
23277,3
23278,4
23279,3
23280,2
23281,4
23282,5
23283,4
23284,5
23285,5
23286,3
23287,3
23288,2
23289,6
23290,6
23291,5
23292,6
23293,0
23294,4
23295,4
23296,3
23297,3
23298,6
23299,3
23300,6
23301,5
23302,2
23303,3
23304,5
23305,3
23306,2
23307,2
23308,5
23309,5
23310,6
23311,6
23312,5
23313,3
23314,5
23315,7
23316,2
23317,3
23318,4
23319,4
23320,3
23321,4
23322,7
23323,4
23324,4
23325,3
23326,3
23327,4
23328,5
23329,7
23330,2
23331,7
23332,3
23333,6
23334,6
23335,5
23336,4
23337,6
23338,5
23339,2
23340,2
23341,4
23342,4
23343,7
23344,4
23345,6
23346,1
23347,1
23348,4
23349,4
23350,6
23351,2
23352,3
23353,4
23354,5
23355,4
23356,6
23357,1
23358,6
23359,5
23360,2
23361,3
23362,1
23363,1
23364,4
23365,2
23366,5
23367,5
23368,7
23369,2
23370,4
23371,6
23372,4
23373,6
23374,3
23375,2
23376,6
23377,4
23378,4
23379,4
23380,6
23381,4
23382,4
23383,3
23384,3
23385,5
23386,3
23387,6
23388,6
23389,4
23390,3
23391,8
23392,6
23393,6
23394,6
23395,1
23396,7
23397,5
23398,5
23399,3
23400,2
23401,5
23402,2
23403,6
23404,7
23405,3
23406,3
23407,4
23408,3
23409,4
23410,4
23411,5
23412,6
23413,7
23414,5
23415,4
23416,5
23417,3
23418,2
23419,3
23420,0
23421,3
23422,5
23423,4
23424,5
23425,5
23426,1
23427,2
23428,3
23429,2
23430,1
23431,2
23432,4
23433,4
23434,4
23435,5
23436,5
23437,3
23438,3
23439,2
23440,4
23441,5
23442,3
23443,4
23444,1
23445,5
23446,6
23447,3
23448,6
23449,8
23450,4
23451,5
23452,4
23453,6
23454,4
23455,3
23456,6
23457,1
23458,7
23459,4
23460,3
23461,3
23462,6
23463,6
23464,6
23465,6
23466,6
23467,6
23468,1
23469,6
23470,6
23471,5
23472,1
23473,3
23474,5
23475,5
23476,3
23477,3
23478,3
23479,4
23480,2
23481,7
23482,3
23483,5
23484,6
