,Danceability
0,5.0
1,6.0
2,6.0
3,3.0
4,6.0
5,6.0
6,4.0
7,4.0
8,6.0
9,2.0
10,6.0
11,6.0
12,4.0
13,6.0
14,7.0
15,6.0
16,5.0
17,4.0
18,4.0
19,4.0
20,8.0
21,6.0
22,7.0
23,7.0
24,6.0
25,8.0
26,6.0
27,7.0
28,7.0
29,4.0
30,3.0
31,3.0
32,1.0
33,2.0
34,7.0
35,6.0
36,3.0
37,1.0
38,4.0
39,3.0
40,5.0
41,6.0
42,2.0
43,6.0
44,6.0
45,5.0
46,6.0
47,7.0
48,5.0
49,6.0
50,6.0
51,1.0
52,4.0
53,4.0
54,6.0
55,4.0
56,7.0
57,3.0
58,5.0
59,4.0
60,2.0
61,5.0
62,5.0
63,2.0
64,3.0
65,4.0
66,2.0
67,3.0
68,1.0
69,4.0
70,1.0
71,2.0
72,2.0
73,3.0
74,1.0
75,4.0
76,6.0
77,6.0
78,3.0
79,5.0
80,1.0
81,5.0
82,4.0
83,5.0
84,6.0
85,4.0
86,6.0
87,8.0
88,3.0
89,4.0
90,6.0
91,6.0
92,7.0
93,8.0
94,4.0
95,5.0
96,2.0
97,6.0
98,6.0
99,6.0
100,9.0
101,6.0
102,7.0
103,6.0
104,7.0
105,7.0
106,5.0
107,5.0
108,5.0
109,4.0
110,5.0
111,7.0
112,1.0
113,7.0
114,6.0
115,8.0
116,6.0
117,3.0
118,6.0
119,6.0
120,6.0
121,6.0
122,3.0
123,6.0
124,6.0
125,9.0
126,7.0
127,7.0
128,8.0
129,7.0
130,8.0
131,5.0
132,7.0
133,1.0
134,8.0
135,6.0
136,5.0
137,7.0
138,4.0
139,7.0
140,7.0
141,6.0
142,5.0
143,6.0
144,8.0
145,6.0
146,7.0
147,6.0
148,5.0
149,5.0
150,8.0
151,3.0
152,5.0
153,3.0
154,6.0
155,3.0
156,5.0
157,3.0
158,1.0
159,6.0
160,4.0
161,5.0
162,6.0
163,4.0
164,4.0
165,5.0
166,6.0
167,3.0
168,7.0
169,6.0
170,7.0
171,4.0
172,4.0
173,2.0
174,1.0
175,2.0
176,7.0
177,6.0
178,7.0
179,3.0
180,7.0
181,6.0
182,5.0
183,6.0
184,4.0
185,7.0
186,6.0
187,8.0
188,5.0
189,7.0
190,7.0
191,8.0
192,6.0
193,7.0
194,8.0
195,5.0
196,5.0
197,6.0
198,7.0
199,6.0
200,8.0
201,7.0
202,5.0
203,5.0
204,4.0
205,5.0
206,5.0
207,0.0
208,2.0
209,6.0
210,7.0
211,5.0
212,5.0
213,7.0
214,8.0
215,4.0
216,5.0
217,5.0
218,6.0
219,6.0
220,8.0
221,7.0
222,8.0
223,6.0
224,6.0
225,7.0
226,8.0
227,5.0
228,5.0
229,5.0
230,6.0
231,2.0
232,5.0
233,4.0
234,6.0
235,6.0
236,3.0
237,5.0
238,4.0
239,8.0
240,2.0
241,7.0
242,3.0
243,6.0
244,7.0
245,5.0
246,6.0
247,7.0
248,5.0
249,7.0
250,3.0
251,6.0
252,2.0
253,2.0
254,7.0
255,6.0
256,5.0
257,5.0
258,1.0
259,7.0
260,6.0
261,6.0
262,7.0
263,3.0
264,6.0
265,4.0
266,5.0
267,3.0
268,6.0
269,4.0
270,1.0
271,4.0
272,2.0
273,4.0
274,5.0
275,6.0
276,2.0
277,6.0
278,1.0
279,6.0
280,7.0
281,7.0
282,4.0
283,9.0
284,7.0
285,3.0
286,7.0
287,6.0
288,6.0
289,7.0
290,3.0
291,6.0
292,3.0
293,4.0
294,5.0
295,2.0
296,2.0
297,4.0
298,6.0
299,5.0
300,2.0
301,7.0
302,4.0
303,7.0
304,4.0
305,4.0
306,7.0
307,6.0
308,7.0
309,6.0
310,3.0
311,3.0
312,6.0
313,6.0
314,6.0
315,4.0
316,7.0
317,5.0
318,6.0
319,5.0
320,7.0
321,7.0
322,6.0
323,6.0
324,6.0
325,2.0
326,5.0
327,4.0
328,6.0
329,6.0
330,3.0
331,4.0
332,4.0
333,2.0
334,3.0
335,1.0
336,3.0
337,3.0
338,3.0
339,7.0
340,6.0
341,5.0
342,6.0
343,6.0
344,6.0
345,6.0
346,4.0
347,4.0
348,6.0
349,7.0
350,3.0
351,6.0
352,6.0
353,6.0
354,7.0
355,7.0
356,6.0
357,3.0
358,5.0
359,7.0
360,5.0
361,7.0
362,5.0
363,4.0
364,6.0
365,5.0
366,5.0
367,8.0
368,6.0
369,7.0
370,8.0
371,6.0
372,3.0
373,7.0
374,5.0
375,5.0
376,6.0
377,7.0
378,6.0
379,5.0
380,7.0
381,6.0
382,5.0
383,5.0
384,7.0
385,7.0
386,6.0
387,5.0
388,7.0
389,9.0
390,8.0
391,4.0
392,3.0
393,4.0
394,5.0
395,4.0
396,7.0
397,2.0
398,5.0
399,1.0
400,3.0
401,8.0
402,6.0
403,5.0
404,4.0
405,3.0
406,3.0
407,6.0
408,7.0
409,8.0
410,6.0
411,6.0
412,3.0
413,5.0
414,6.0
415,7.0
416,6.0
417,6.0
418,5.0
419,7.0
420,7.0
421,7.0
422,5.0
423,1.0
424,4.0
425,8.0
426,2.0
427,4.0
428,4.0
429,5.0
430,3.0
431,7.0
432,7.0
433,5.0
434,4.0
435,3.0
436,1.0
437,5.0
438,6.0
439,5.0
440,2.0
441,4.0
442,2.0
443,6.0
444,1.0
445,2.0
446,6.0
447,4.0
448,3.0
449,3.0
450,5.0
451,3.0
452,6.0
453,2.0
454,4.0
455,4.0
456,8.0
457,3.0
458,4.0
459,3.0
460,8.0
461,3.0
462,6.0
463,3.0
464,5.0
465,4.0
466,4.0
467,1.0
468,1.0
469,6.0
470,4.0
471,3.0
472,5.0
473,5.0
474,5.0
475,3.0
476,5.0
477,3.0
478,5.0
479,1.0
480,6.0
481,3.0
482,3.0
483,5.0
484,3.0
485,1.0
486,3.0
487,-0.0
488,0.0
489,-0.0
490,0.0
491,0.0
492,-0.0
493,1.0
494,1.0
495,0.0
496,-0.0
497,6.0
498,1.0
499,2.0
500,3.0
501,1.0
502,5.0
503,2.0
504,3.0
505,2.0
506,6.0
507,1.0
508,3.0
509,4.0
510,3.0
511,7.0
512,7.0
513,4.0
514,4.0
515,4.0
516,4.0
517,0.0
518,1.0
519,1.0
520,5.0
521,6.0
522,2.0
523,1.0
524,5.0
525,4.0
526,3.0
527,1.0
528,1.0
529,1.0
530,1.0
531,2.0
532,5.0
533,6.0
534,5.0
535,6.0
536,4.0
537,4.0
538,6.0
539,4.0
540,3.0
541,2.0
542,5.0
543,2.0
544,3.0
545,0.0
546,3.0
547,-0.0
548,3.0
549,4.0
550,3.0
551,1.0
552,-0.0
553,1.0
554,1.0
555,4.0
556,2.0
557,1.0
558,3.0
559,3.0
560,6.0
561,1.0
562,3.0
563,3.0
564,6.0
565,4.0
566,6.0
567,4.0
568,3.0
569,2.0
570,5.0
571,2.0
572,7.0
573,9.0
574,3.0
575,6.0
576,2.0
577,5.0
578,2.0
579,4.0
580,6.0
581,3.0
582,5.0
583,4.0
584,5.0
585,7.0
586,6.0
587,7.0
588,7.0
589,2.0
590,2.0
591,3.0
592,1.0
593,5.0
594,2.0
595,6.0
596,4.0
597,7.0
598,8.0
599,4.0
600,5.0
601,4.0
602,4.0
603,7.0
604,5.0
605,5.0
606,6.0
607,4.0
608,5.0
609,7.0
610,6.0
611,5.0
612,4.0
613,7.0
614,5.0
615,3.0
616,6.0
617,4.0
618,4.0
619,6.0
620,2.0
621,4.0
622,4.0
623,6.0
624,3.0
625,8.0
626,7.0
627,7.0
628,7.0
629,5.0
630,5.0
631,4.0
632,7.0
633,7.0
634,8.0
635,5.0
636,5.0
637,4.0
638,1.0
639,7.0
640,7.0
641,3.0
642,5.0
643,4.0
644,4.0
645,3.0
646,5.0
647,4.0
648,6.0
649,6.0
650,6.0
651,4.0
652,3.0
653,7.0
654,4.0
655,6.0
656,8.0
657,5.0
658,8.0
659,6.0
660,3.0
661,5.0
662,6.0
663,2.0
664,4.0
665,6.0
666,4.0
667,2.0
668,5.0
669,4.0
670,4.0
671,6.0
672,6.0
673,4.0
674,7.0
675,7.0
676,6.0
677,8.0
678,5.0
679,7.0
680,7.0
681,5.0
682,7.0
683,7.0
684,6.0
685,3.0
686,6.0
687,5.0
688,6.0
689,9.0
690,8.0
691,6.0
692,4.0
693,6.0
694,5.0
695,8.0
696,8.0
697,3.0
698,5.0
699,7.0
700,5.0
701,1.0
702,8.0
703,8.0
704,5.0
705,0.0
706,3.0
707,7.0
708,7.0
709,5.0
710,2.0
711,2.0
712,3.0
713,3.0
714,6.0
715,4.0
716,3.0
717,4.0
718,6.0
719,6.0
720,4.0
721,4.0
722,4.0
723,2.0
724,4.0
725,6.0
726,8.0
727,6.0
728,7.0
729,2.0
730,6.0
731,7.0
732,7.0
733,7.0
734,6.0
735,6.0
736,6.0
737,7.0
738,3.0
739,5.0
740,5.0
741,3.0
742,3.0
743,4.0
744,3.0
745,6.0
746,2.0
747,5.0
748,5.0
749,2.0
750,2.0
751,1.0
752,2.0
753,5.0
754,6.0
755,2.0
756,0.0
757,4.0
758,3.0
759,4.0
760,2.0
761,2.0
762,7.0
763,6.0
764,6.0
765,5.0
766,7.0
767,5.0
768,6.0
769,4.0
770,2.0
771,7.0
772,8.0
773,5.0
774,4.0
775,4.0
776,4.0
777,5.0
778,4.0
779,4.0
780,3.0
781,3.0
782,7.0
783,1.0
784,6.0
785,5.0
786,7.0
787,6.0
788,7.0
789,4.0
790,5.0
791,4.0
792,4.0
793,8.0
794,6.0
795,7.0
796,7.0
797,5.0
798,6.0
799,4.0
800,5.0
801,5.0
802,6.0
803,6.0
804,7.0
805,7.0
806,7.0
807,5.0
808,7.0
809,6.0
810,6.0
811,6.0
812,3.0
813,6.0
814,7.0
815,6.0
816,7.0
817,5.0
818,7.0
819,6.0
820,7.0
821,7.0
822,1.0
823,7.0
824,4.0
825,5.0
826,7.0
827,6.0
828,8.0
829,5.0
830,7.0
831,8.0
832,6.0
833,1.0
834,3.0
835,4.0
836,3.0
837,3.0
838,8.0
839,5.0
840,4.0
841,4.0
842,3.0
843,7.0
844,3.0
845,5.0
846,3.0
847,6.0
848,3.0
849,6.0
850,6.0
851,6.0
852,6.0
853,4.0
854,3.0
855,6.0
856,5.0
857,7.0
858,5.0
859,0.0
860,-0.0
861,6.0
862,2.0
863,1.0
864,6.0
865,1.0
866,5.0
867,0.0
868,3.0
869,6.0
870,5.0
871,8.0
872,5.0
873,3.0
874,3.0
875,3.0
876,4.0
877,4.0
878,2.0
879,2.0
880,5.0
881,5.0
882,1.0
883,6.0
884,3.0
885,5.0
886,5.0
887,5.0
888,6.0
889,3.0
890,5.0
891,2.0
892,5.0
893,5.0
894,3.0
895,3.0
896,7.0
897,7.0
898,6.0
899,4.0
900,4.0
901,4.0
902,6.0
903,6.0
904,7.0
905,5.0
906,5.0
907,6.0
908,7.0
909,4.0
910,5.0
911,7.0
912,5.0
913,4.0
914,6.0
915,7.0
916,6.0
917,4.0
918,6.0
919,4.0
920,5.0
921,2.0
922,5.0
923,1.0
924,4.0
925,5.0
926,5.0
927,3.0
928,2.0
929,4.0
930,4.0
931,6.0
932,5.0
933,5.0
934,7.0
935,6.0
936,5.0
937,2.0
938,2.0
939,6.0
940,4.0
941,5.0
942,6.0
943,4.0
944,6.0
945,3.0
946,3.0
947,6.0
948,5.0
949,6.0
950,4.0
951,3.0
952,5.0
953,3.0
954,7.0
955,6.0
956,2.0
957,4.0
958,6.0
959,3.0
960,5.0
961,2.0
962,3.0
963,4.0
964,2.0
965,1.0
966,3.0
967,4.0
968,7.0
969,5.0
970,3.0
971,6.0
972,3.0
973,3.0
974,5.0
975,7.0
976,5.0
977,2.0
978,4.0
979,3.0
980,6.0
981,7.0
982,8.0
983,6.0
984,4.0
985,5.0
986,5.0
987,8.0
988,1.0
989,7.0
990,7.0
991,5.0
992,7.0
993,5.0
994,3.0
995,5.0
996,4.0
997,6.0
998,4.0
999,7.0
1000,7.0
1001,7.0
1002,5.0
1003,7.0
1004,8.0
1005,7.0
1006,4.0
1007,2.0
1008,4.0
1009,4.0
1010,6.0
1011,5.0
1012,7.0
1013,4.0
1014,6.0
1015,6.0
1016,4.0
1017,5.0
1018,3.0
1019,1.0
1020,2.0
1021,4.0
1022,6.0
1023,2.0
1024,2.0
1025,7.0
1026,5.0
1027,4.0
1028,0.0
1029,3.0
1030,2.0
1031,1.0
1032,2.0
1033,-0.0
1034,1.0
1035,0.0
1036,5.0
1037,4.0
1038,5.0
1039,1.0
1040,5.0
1041,6.0
1042,8.0
1043,3.0
1044,7.0
1045,3.0
1046,5.0
1047,7.0
1048,5.0
1049,8.0
1050,7.0
1051,2.0
1052,6.0
1053,6.0
1054,7.0
1055,3.0
1056,5.0
1057,4.0
1058,5.0
1059,8.0
1060,5.0
1061,4.0
1062,2.0
1063,3.0
1064,7.0
1065,5.0
1066,5.0
1067,5.0
1068,3.0
1069,7.0
1070,7.0
1071,4.0
1072,6.0
1073,6.0
1074,6.0
1075,5.0
1076,6.0
1077,4.0
1078,8.0
1079,3.0
1080,5.0
1081,5.0
1082,7.0
1083,4.0
1084,4.0
1085,6.0
1086,5.0
1087,6.0
1088,2.0
1089,7.0
1090,3.0
1091,4.0
1092,3.0
1093,3.0
1094,1.0
1095,4.0
1096,0.0
1097,2.0
1098,3.0
1099,6.0
1100,4.0
1101,4.0
1102,4.0
1103,4.0
1104,6.0
1105,5.0
1106,4.0
1107,4.0
1108,3.0
1109,5.0
1110,8.0
1111,5.0
1112,5.0
1113,7.0
1114,3.0
1115,6.0
1116,3.0
1117,4.0
1118,4.0
1119,6.0
1120,6.0
1121,8.0
1122,8.0
1123,7.0
1124,4.0
1125,4.0
1126,3.0
1127,5.0
1128,3.0
1129,3.0
1130,5.0
1131,3.0
1132,3.0
1133,5.0
1134,7.0
1135,3.0
1136,5.0
1137,1.0
1138,6.0
1139,5.0
1140,7.0
1141,6.0
1142,5.0
1143,5.0
1144,4.0
1145,3.0
1146,4.0
1147,3.0
1148,1.0
1149,3.0
1150,1.0
1151,3.0
1152,2.0
1153,6.0
1154,1.0
1155,7.0
1156,6.0
1157,7.0
1158,4.0
1159,8.0
1160,3.0
1161,6.0
1162,4.0
1163,4.0
1164,4.0
1165,5.0
1166,3.0
1167,4.0
1168,2.0
1169,2.0
1170,2.0
1171,5.0
1172,5.0
1173,5.0
1174,6.0
1175,3.0
1176,4.0
1177,4.0
1178,2.0
1179,2.0
1180,4.0
1181,7.0
1182,5.0
1183,8.0
1184,4.0
1185,2.0
1186,4.0
1187,4.0
1188,7.0
1189,6.0
1190,8.0
1191,1.0
1192,4.0
1193,6.0
1194,7.0
1195,3.0
1196,5.0
1197,5.0
1198,7.0
1199,4.0
1200,6.0
1201,7.0
1202,1.0
1203,7.0
1204,9.0
1205,8.0
1206,5.0
1207,5.0
1208,7.0
1209,6.0
1210,5.0
1211,8.0
1212,8.0
1213,8.0
1214,7.0
1215,6.0
1216,8.0
1217,7.0
1218,8.0
1219,7.0
1220,7.0
1221,-1.0
1222,1.0
1223,1.0
1224,4.0
1225,0.0
1226,2.0
1227,1.0
1228,-0.0
1229,4.0
1230,6.0
1231,2.0
1232,1.0
1233,6.0
1234,3.0
1235,3.0
1236,3.0
1237,2.0
1238,5.0
1239,3.0
1240,7.0
1241,1.0
1242,3.0
1243,6.0
1244,3.0
1245,4.0
1246,7.0
1247,5.0
1248,-0.0
1249,0.0
1250,-0.0
1251,2.0
1252,1.0
1253,1.0
1254,-0.0
1255,1.0
1256,0.0
1257,2.0
1258,0.0
1259,4.0
1260,5.0
1261,5.0
1262,4.0
1263,4.0
1264,4.0
1265,3.0
1266,4.0
1267,3.0
1268,4.0
1269,2.0
1270,2.0
1271,6.0
1272,3.0
1273,6.0
1274,4.0
1275,2.0
1276,7.0
1277,3.0
1278,7.0
1279,6.0
1280,6.0
1281,5.0
1282,4.0
1283,6.0
1284,3.0
1285,4.0
1286,6.0
1287,3.0
1288,7.0
1289,4.0
1290,4.0
1291,6.0
1292,6.0
1293,3.0
1294,7.0
1295,3.0
1296,3.0
1297,3.0
1298,2.0
1299,3.0
1300,5.0
1301,2.0
1302,4.0
1303,4.0
1304,4.0
1305,2.0
1306,2.0
1307,3.0
1308,4.0
1309,5.0
1310,6.0
1311,6.0
1312,2.0
1313,7.0
1314,7.0
1315,8.0
1316,5.0
1317,2.0
1318,3.0
1319,5.0
1320,6.0
1321,4.0
1322,4.0
1323,2.0
1324,6.0
1325,5.0
1326,6.0
1327,5.0
1328,4.0
1329,5.0
1330,3.0
1331,4.0
1332,4.0
1333,5.0
1334,4.0
1335,6.0
1336,6.0
1337,4.0
1338,7.0
1339,6.0
1340,6.0
1341,7.0
1342,6.0
1343,6.0
1344,4.0
1345,4.0
1346,3.0
1347,3.0
1348,7.0
1349,4.0
1350,7.0
1351,6.0
1352,2.0
1353,7.0
1354,2.0
1355,3.0
1356,4.0
1357,4.0
1358,5.0
1359,5.0
1360,4.0
1361,3.0
1362,7.0
1363,4.0
1364,3.0
1365,3.0
1366,5.0
1367,2.0
1368,8.0
1369,6.0
1370,2.0
1371,4.0
1372,3.0
1373,6.0
1374,6.0
1375,3.0
1376,4.0
1377,6.0
1378,5.0
1379,4.0
1380,3.0
1381,2.0
1382,2.0
1383,4.0
1384,2.0
1385,4.0
1386,3.0
1387,2.0
1388,7.0
1389,4.0
1390,7.0
1391,2.0
1392,6.0
1393,2.0
1394,5.0
1395,4.0
1396,6.0
1397,6.0
1398,5.0
1399,5.0
1400,8.0
1401,7.0
1402,6.0
1403,6.0
1404,4.0
1405,3.0
1406,3.0
1407,2.0
1408,1.0
1409,6.0
1410,7.0
1411,1.0
1412,3.0
1413,5.0
1414,3.0
1415,6.0
1416,3.0
1417,6.0
1418,4.0
1419,1.0
1420,2.0
1421,5.0
1422,0.0
1423,5.0
1424,0.0
1425,3.0
1426,1.0
1427,1.0
1428,3.0
1429,-0.0
1430,2.0
1431,3.0
1432,6.0
1433,3.0
1434,6.0
1435,7.0
1436,5.0
1437,3.0
1438,6.0
1439,2.0
1440,6.0
1441,1.0
1442,6.0
1443,3.0
1444,5.0
1445,3.0
1446,2.0
1447,4.0
1448,4.0
1449,6.0
1450,1.0
1451,2.0
1452,2.0
1453,5.0
1454,1.0
1455,4.0
1456,1.0
1457,2.0
1458,2.0
1459,2.0
1460,6.0
1461,2.0
1462,3.0
1463,2.0
1464,5.0
1465,7.0
1466,3.0
1467,1.0
1468,1.0
1469,3.0
1470,3.0
1471,2.0
1472,4.0
1473,3.0
1474,4.0
1475,1.0
1476,4.0
1477,2.0
1478,1.0
1479,0.0
1480,4.0
1481,2.0
1482,4.0
1483,4.0
1484,8.0
1485,7.0
1486,6.0
1487,4.0
1488,6.0
1489,7.0
1490,7.0
1491,6.0
1492,5.0
1493,7.0
1494,6.0
1495,7.0
1496,5.0
1497,2.0
1498,6.0
1499,1.0
1500,3.0
1501,3.0
1502,2.0
1503,4.0
1504,4.0
1505,3.0
1506,2.0
1507,3.0
1508,4.0
1509,1.0
1510,5.0
1511,3.0
1512,1.0
1513,4.0
1514,7.0
1515,3.0
1516,5.0
1517,4.0
1518,2.0
1519,3.0
1520,6.0
1521,6.0
1522,3.0
1523,3.0
1524,7.0
1525,4.0
1526,5.0
1527,5.0
1528,2.0
1529,3.0
1530,6.0
1531,5.0
1532,5.0
1533,4.0
1534,6.0
1535,3.0
1536,5.0
1537,5.0
1538,8.0
1539,2.0
1540,5.0
1541,5.0
1542,4.0
1543,3.0
1544,5.0
1545,6.0
1546,4.0
1547,4.0
1548,7.0
1549,5.0
1550,2.0
1551,5.0
1552,3.0
1553,4.0
1554,7.0
1555,7.0
1556,7.0
1557,6.0
1558,7.0
1559,7.0
1560,7.0
1561,6.0
1562,5.0
1563,7.0
1564,6.0
1565,3.0
1566,4.0
1567,5.0
1568,5.0
1569,5.0
1570,6.0
1571,3.0
1572,6.0
1573,4.0
1574,2.0
1575,2.0
1576,3.0
1577,2.0
1578,4.0
1579,6.0
1580,3.0
1581,5.0
1582,0.0
1583,1.0
1584,1.0
1585,2.0
1586,1.0
1587,4.0
1588,-0.0
1589,3.0
1590,5.0
1591,5.0
1592,8.0
1593,2.0
1594,5.0
1595,4.0
1596,4.0
1597,6.0
1598,5.0
1599,5.0
1600,8.0
1601,6.0
1602,6.0
1603,5.0
1604,5.0
1605,0.0
1606,0.0
1607,7.0
1608,5.0
1609,6.0
1610,8.0
1611,5.0
1612,2.0
1613,7.0
1614,1.0
1615,3.0
1616,6.0
1617,6.0
1618,6.0
1619,8.0
1620,2.0
1621,7.0
1622,5.0
1623,3.0
1624,7.0
1625,5.0
1626,8.0
1627,5.0
1628,6.0
1629,4.0
1630,6.0
1631,5.0
1632,6.0
1633,6.0
1634,5.0
1635,5.0
1636,3.0
1637,2.0
1638,3.0
1639,2.0
1640,5.0
1641,4.0
1642,1.0
1643,4.0
1644,4.0
1645,6.0
1646,5.0
1647,2.0
1648,4.0
1649,6.0
1650,4.0
1651,5.0
1652,4.0
1653,4.0
1654,5.0
1655,6.0
1656,6.0
1657,7.0
1658,5.0
1659,3.0
1660,6.0
1661,6.0
1662,4.0
1663,6.0
1664,7.0
1665,7.0
1666,7.0
1667,7.0
1668,9.0
1669,6.0
1670,7.0
1671,5.0
1672,3.0
1673,6.0
1674,5.0
1675,0.0
1676,1.0
1677,1.0
1678,1.0
1679,-0.0
1680,4.0
1681,0.0
1682,1.0
1683,-0.0
1684,1.0
1685,3.0
1686,2.0
1687,5.0
1688,3.0
1689,2.0
1690,3.0
1691,2.0
1692,3.0
1693,2.0
1694,1.0
1695,7.0
1696,3.0
1697,7.0
1698,5.0
1699,5.0
1700,5.0
1701,7.0
1702,7.0
1703,8.0
1704,6.0
1705,5.0
1706,6.0
1707,7.0
1708,6.0
1709,4.0
1710,6.0
1711,4.0
1712,4.0
1713,3.0
1714,5.0
1715,5.0
1716,5.0
1717,5.0
1718,7.0
1719,3.0
1720,2.0
1721,5.0
1722,6.0
1723,4.0
1724,3.0
1725,2.0
1726,5.0
1727,5.0
1728,3.0
1729,4.0
1730,5.0
1731,5.0
1732,3.0
1733,5.0
1734,4.0
1735,6.0
1736,-0.0
1737,-0.0
1738,-0.0
1739,1.0
1740,3.0
1741,1.0
1742,1.0
1743,-0.0
1744,-0.0
1745,-0.0
1746,5.0
1747,5.0
1748,6.0
1749,2.0
1750,7.0
1751,6.0
1752,1.0
1753,7.0
1754,3.0
1755,4.0
1756,3.0
1757,3.0
1758,3.0
1759,2.0
1760,4.0
1761,5.0
1762,3.0
1763,5.0
1764,6.0
1765,7.0
1766,6.0
1767,6.0
1768,8.0
1769,2.0
1770,2.0
1771,7.0
1772,4.0
1773,6.0
1774,5.0
1775,7.0
1776,4.0
1777,7.0
1778,6.0
1779,5.0
1780,4.0
1781,8.0
1782,7.0
1783,5.0
1784,4.0
1785,7.0
1786,4.0
1787,4.0
1788,5.0
1789,3.0
1790,5.0
1791,5.0
1792,2.0
1793,3.0
1794,3.0
1795,2.0
1796,3.0
1797,5.0
1798,4.0
1799,3.0
1800,2.0
1801,5.0
1802,7.0
1803,6.0
1804,5.0
1805,4.0
1806,3.0
1807,5.0
1808,2.0
1809,6.0
1810,3.0
1811,5.0
1812,5.0
1813,5.0
1814,3.0
1815,8.0
1816,6.0
1817,6.0
1818,7.0
1819,7.0
1820,5.0
1821,2.0
1822,3.0
1823,3.0
1824,7.0
1825,5.0
1826,6.0
1827,6.0
1828,7.0
1829,4.0
1830,7.0
1831,2.0
1832,3.0
1833,4.0
1834,4.0
1835,4.0
1836,5.0
1837,4.0
1838,3.0
1839,6.0
1840,5.0
1841,7.0
1842,6.0
1843,4.0
1844,6.0
1845,5.0
1846,7.0
1847,5.0
1848,3.0
1849,6.0
1850,4.0
1851,4.0
1852,4.0
1853,2.0
1854,3.0
1855,1.0
1856,5.0
1857,3.0
1858,5.0
1859,6.0
1860,6.0
1861,3.0
1862,3.0
1863,5.0
1864,5.0
1865,3.0
1866,3.0
1867,2.0
1868,3.0
1869,4.0
1870,2.0
1871,2.0
1872,5.0
1873,3.0
1874,5.0
1875,6.0
1876,2.0
1877,5.0
1878,2.0
1879,4.0
1880,1.0
1881,1.0
1882,3.0
1883,2.0
1884,4.0
1885,2.0
1886,2.0
1887,5.0
1888,6.0
1889,5.0
1890,2.0
1891,6.0
1892,6.0
1893,6.0
1894,7.0
1895,4.0
1896,2.0
1897,5.0
1898,2.0
1899,4.0
1900,2.0
1901,5.0
1902,3.0
1903,0.0
1904,-0.0
1905,7.0
1906,7.0
1907,2.0
1908,-0.0
1909,1.0
1910,1.0
1911,1.0
1912,0.0
1913,4.0
1914,6.0
1915,4.0
1916,1.0
1917,2.0
1918,4.0
1919,3.0
1920,3.0
1921,4.0
1922,2.0
1923,1.0
1924,3.0
1925,3.0
1926,2.0
1927,3.0
1928,6.0
1929,4.0
1930,4.0
1931,1.0
1932,1.0
1933,2.0
1934,5.0
1935,2.0
1936,5.0
1937,2.0
1938,1.0
1939,3.0
1940,6.0
1941,4.0
1942,2.0
1943,2.0
1944,4.0
1945,3.0
1946,2.0
1947,2.0
1948,4.0
1949,4.0
1950,2.0
1951,3.0
1952,2.0
1953,2.0
1954,3.0
1955,4.0
1956,3.0
1957,2.0
1958,2.0
1959,3.0
1960,4.0
1961,2.0
1962,2.0
1963,4.0
1964,3.0
1965,7.0
1966,5.0
1967,3.0
1968,2.0
1969,3.0
1970,2.0
1971,5.0
1972,4.0
1973,3.0
1974,1.0
1975,8.0
1976,3.0
1977,3.0
1978,5.0
1979,5.0
1980,6.0
1981,6.0
1982,7.0
1983,6.0
1984,4.0
1985,5.0
1986,5.0
1987,4.0
1988,6.0
1989,8.0
1990,5.0
1991,6.0
1992,6.0
1993,5.0
1994,1.0
1995,2.0
1996,3.0
1997,1.0
1998,1.0
1999,3.0
2000,6.0
2001,2.0
2002,6.0
2003,3.0
2004,7.0
2005,5.0
2006,6.0
2007,7.0
2008,3.0
2009,4.0
2010,5.0
2011,5.0
2012,5.0
2013,4.0
2014,1.0
2015,1.0
2016,6.0
2017,6.0
2018,7.0
2019,5.0
2020,7.0
2021,4.0
2022,4.0
2023,5.0
2024,7.0
2025,7.0
2026,2.0
2027,7.0
2028,5.0
2029,6.0
2030,6.0
2031,6.0
2032,5.0
2033,5.0
2034,4.0
2035,8.0
2036,4.0
2037,5.0
2038,6.0
2039,5.0
2040,4.0
2041,7.0
2042,2.0
2043,6.0
2044,7.0
2045,4.0
2046,4.0
2047,7.0
2048,4.0
2049,6.0
2050,4.0
2051,4.0
2052,6.0
2053,3.0
2054,7.0
2055,5.0
2056,3.0
2057,6.0
2058,2.0
2059,3.0
2060,2.0
2061,6.0
2062,6.0
2063,7.0
2064,6.0
2065,3.0
2066,5.0
2067,3.0
2068,4.0
2069,3.0
2070,4.0
2071,4.0
2072,4.0
2073,5.0
2074,3.0
2075,3.0
2076,4.0
2077,2.0
2078,5.0
2079,4.0
2080,7.0
2081,2.0
2082,1.0
2083,5.0
2084,4.0
2085,8.0
2086,3.0
2087,4.0
2088,3.0
2089,7.0
2090,4.0
2091,4.0
2092,7.0
2093,1.0
2094,6.0
2095,7.0
2096,3.0
2097,5.0
2098,7.0
2099,3.0
2100,3.0
2101,5.0
2102,6.0
2103,6.0
2104,6.0
2105,4.0
2106,4.0
2107,2.0
2108,3.0
2109,7.0
2110,5.0
2111,3.0
2112,5.0
2113,5.0
2114,6.0
2115,6.0
2116,8.0
2117,7.0
2118,6.0
2119,6.0
2120,5.0
2121,6.0
2122,8.0
2123,6.0
2124,7.0
2125,4.0
2126,4.0
2127,3.0
2128,4.0
2129,7.0
2130,7.0
2131,1.0
2132,5.0
2133,4.0
2134,8.0
2135,3.0
2136,6.0
2137,3.0
2138,5.0
2139,5.0
2140,3.0
2141,3.0
2142,7.0
2143,8.0
2144,4.0
2145,2.0
2146,5.0
2147,2.0
2148,4.0
2149,2.0
2150,5.0
2151,6.0
2152,5.0
2153,5.0
2154,2.0
2155,6.0
2156,5.0
2157,6.0
2158,5.0
2159,6.0
2160,5.0
2161,7.0
2162,3.0
2163,6.0
2164,5.0
2165,7.0
2166,4.0
2167,3.0
2168,8.0
2169,3.0
2170,5.0
2171,7.0
2172,4.0
2173,4.0
2174,2.0
2175,3.0
2176,4.0
2177,5.0
2178,3.0
2179,4.0
2180,4.0
2181,5.0
2182,5.0
2183,4.0
2184,7.0
2185,6.0
2186,5.0
2187,4.0
2188,6.0
2189,7.0
2190,1.0
2191,1.0
2192,6.0
2193,5.0
2194,5.0
2195,2.0
2196,3.0
2197,4.0
2198,3.0
2199,5.0
2200,4.0
2201,5.0
2202,5.0
2203,4.0
2204,3.0
2205,4.0
2206,5.0
2207,7.0
2208,4.0
2209,7.0
2210,3.0
2211,9.0
2212,5.0
2213,6.0
2214,4.0
2215,4.0
2216,5.0
2217,6.0
2218,7.0
2219,6.0
2220,6.0
2221,4.0
2222,9.0
2223,4.0
2224,2.0
2225,6.0
2226,5.0
2227,5.0
2228,6.0
2229,5.0
2230,5.0
2231,4.0
2232,4.0
2233,7.0
2234,3.0
2235,4.0
2236,5.0
2237,4.0
2238,7.0
2239,4.0
2240,7.0
2241,5.0
2242,7.0
2243,5.0
2244,5.0
2245,5.0
2246,3.0
2247,6.0
2248,4.0
2249,9.0
2250,6.0
2251,5.0
2252,5.0
2253,4.0
2254,4.0
2255,4.0
2256,2.0
2257,5.0
2258,4.0
2259,6.0
2260,7.0
2261,5.0
2262,3.0
2263,7.0
2264,8.0
2265,6.0
2266,4.0
2267,1.0
2268,3.0
2269,3.0
2270,3.0
2271,5.0
2272,5.0
2273,4.0
2274,4.0
2275,4.0
2276,5.0
2277,5.0
2278,6.0
2279,5.0
2280,8.0
2281,4.0
2282,5.0
2283,4.0
2284,1.0
2285,4.0
2286,4.0
2287,6.0
2288,4.0
2289,3.0
2290,5.0
2291,5.0
2292,8.0
2293,5.0
2294,8.0
2295,7.0
2296,5.0
2297,6.0
2298,3.0
2299,8.0
2300,2.0
2301,5.0
2302,4.0
2303,5.0
2304,6.0
2305,6.0
2306,3.0
2307,5.0
2308,4.0
2309,6.0
2310,5.0
2311,5.0
2312,5.0
2313,5.0
2314,7.0
2315,5.0
2316,7.0
2317,5.0
2318,6.0
2319,4.0
2320,6.0
2321,1.0
2322,7.0
2323,6.0
2324,5.0
2325,5.0
2326,8.0
2327,6.0
2328,8.0
2329,3.0
2330,5.0
2331,7.0
2332,3.0
2333,1.0
2334,1.0
2335,5.0
2336,6.0
2337,5.0
2338,7.0
2339,2.0
2340,5.0
2341,7.0
2342,4.0
2343,7.0
2344,7.0
2345,4.0
2346,6.0
2347,2.0
2348,5.0
2349,7.0
2350,6.0
2351,6.0
2352,6.0
2353,6.0
2354,5.0
2355,6.0
2356,8.0
2357,8.0
2358,4.0
2359,6.0
2360,7.0
2361,6.0
2362,5.0
2363,4.0
2364,7.0
2365,5.0
2366,4.0
2367,4.0
2368,4.0
2369,6.0
2370,4.0
2371,4.0
2372,2.0
2373,3.0
2374,5.0
2375,1.0
2376,5.0
2377,3.0
2378,6.0
2379,6.0
2380,3.0
2381,2.0
2382,4.0
2383,4.0
2384,6.0
2385,3.0
2386,6.0
2387,3.0
2388,4.0
2389,5.0
2390,7.0
2391,7.0
2392,5.0
2393,5.0
2394,4.0
2395,5.0
2396,7.0
2397,3.0
2398,2.0
2399,8.0
2400,6.0
2401,7.0
2402,4.0
2403,9.0
2404,2.0
2405,6.0
2406,3.0
2407,3.0
2408,4.0
2409,2.0
2410,5.0
2411,4.0
2412,6.0
2413,7.0
2414,4.0
2415,4.0
2416,6.0
2417,9.0
2418,7.0
2419,7.0
2420,5.0
2421,6.0
2422,5.0
2423,7.0
2424,5.0
2425,7.0
2426,4.0
2427,2.0
2428,3.0
2429,6.0
2430,5.0
2431,6.0
2432,2.0
2433,7.0
2434,5.0
2435,7.0
2436,5.0
2437,8.0
2438,6.0
2439,5.0
2440,7.0
2441,3.0
2442,5.0
2443,7.0
2444,4.0
2445,4.0
2446,4.0
2447,6.0
2448,4.0
2449,6.0
2450,4.0
2451,5.0
2452,4.0
2453,2.0
2454,3.0
2455,5.0
2456,6.0
2457,5.0
2458,8.0
2459,5.0
2460,4.0
2461,6.0
2462,6.0
2463,5.0
2464,4.0
2465,7.0
2466,5.0
2467,5.0
2468,7.0
2469,6.0
2470,6.0
2471,4.0
2472,8.0
2473,3.0
2474,5.0
2475,6.0
2476,6.0
2477,6.0
2478,6.0
2479,4.0
2480,3.0
2481,4.0
2482,5.0
2483,4.0
2484,7.0
2485,6.0
2486,6.0
2487,6.0
2488,5.0
2489,4.0
2490,4.0
2491,6.0
2492,7.0
2493,8.0
2494,5.0
2495,7.0
2496,3.0
2497,7.0
2498,3.0
2499,5.0
2500,6.0
2501,5.0
2502,4.0
2503,5.0
2504,9.0
2505,6.0
2506,7.0
2507,3.0
2508,4.0
2509,7.0
2510,8.0
2511,5.0
2512,5.0
2513,6.0
2514,8.0
2515,2.0
2516,4.0
2517,5.0
2518,5.0
2519,5.0
2520,9.0
2521,4.0
2522,4.0
2523,7.0
2524,3.0
2525,7.0
2526,7.0
2527,3.0
2528,7.0
2529,7.0
2530,6.0
2531,5.0
2532,3.0
2533,6.0
2534,7.0
2535,5.0
2536,7.0
2537,7.0
2538,5.0
2539,3.0
2540,7.0
2541,6.0
2542,6.0
2543,6.0
2544,7.0
2545,6.0
2546,3.0
2547,3.0
2548,3.0
2549,5.0
2550,7.0
2551,6.0
2552,4.0
2553,5.0
2554,7.0
2555,6.0
2556,4.0
2557,3.0
2558,6.0
2559,5.0
2560,4.0
2561,7.0
2562,2.0
2563,5.0
2564,2.0
2565,4.0
2566,2.0
2567,5.0
2568,4.0
2569,7.0
2570,6.0
2571,5.0
2572,6.0
2573,3.0
2574,5.0
2575,4.0
2576,7.0
2577,9.0
2578,6.0
2579,7.0
2580,7.0
2581,7.0
2582,7.0
2583,6.0
2584,2.0
2585,8.0
2586,4.0
2587,4.0
2588,3.0
2589,4.0
2590,2.0
2591,3.0
2592,4.0
2593,5.0
2594,4.0
2595,3.0
2596,7.0
2597,5.0
2598,4.0
2599,7.0
2600,3.0
2601,8.0
2602,6.0
2603,7.0
2604,4.0
2605,6.0
2606,1.0
2607,4.0
2608,3.0
2609,1.0
2610,6.0
2611,4.0
2612,6.0
2613,3.0
2614,3.0
2615,6.0
2616,3.0
2617,7.0
2618,3.0
2619,7.0
2620,3.0
2621,8.0
2622,5.0
2623,8.0
2624,1.0
2625,9.0
2626,6.0
2627,4.0
2628,8.0
2629,7.0
2630,6.0
2631,6.0
2632,2.0
2633,4.0
2634,2.0
2635,3.0
2636,6.0
2637,7.0
2638,6.0
2639,4.0
2640,6.0
2641,2.0
2642,5.0
2643,8.0
2644,3.0
2645,6.0
2646,7.0
2647,6.0
2648,6.0
2649,4.0
2650,7.0
2651,4.0
2652,4.0
2653,4.0
2654,5.0
2655,8.0
2656,5.0
2657,5.0
2658,3.0
2659,4.0
2660,7.0
2661,7.0
2662,6.0
2663,6.0
2664,3.0
2665,2.0
2666,5.0
2667,8.0
2668,7.0
2669,7.0
2670,2.0
2671,4.0
2672,3.0
2673,4.0
2674,7.0
2675,5.0
2676,7.0
2677,3.0
2678,5.0
2679,6.0
2680,5.0
2681,6.0
2682,3.0
2683,3.0
2684,4.0
2685,3.0
2686,8.0
2687,3.0
2688,1.0
2689,7.0
2690,6.0
2691,2.0
2692,3.0
2693,6.0
2694,6.0
2695,8.0
2696,6.0
2697,5.0
2698,8.0
2699,3.0
2700,4.0
2701,2.0
2702,6.0
2703,4.0
2704,7.0
2705,8.0
2706,4.0
2707,4.0
2708,4.0
2709,7.0
2710,7.0
2711,5.0
2712,1.0
2713,5.0
2714,1.0
2715,5.0
2716,4.0
2717,1.0
2718,2.0
2719,7.0
2720,6.0
2721,2.0
2722,5.0
2723,8.0
2724,5.0
2725,7.0
2726,3.0
2727,6.0
2728,3.0
2729,4.0
2730,1.0
2731,5.0
2732,3.0
2733,6.0
2734,3.0
2735,5.0
2736,5.0
2737,8.0
2738,3.0
2739,4.0
2740,3.0
2741,3.0
2742,5.0
2743,5.0
2744,8.0
2745,3.0
2746,4.0
2747,2.0
2748,7.0
2749,4.0
2750,8.0
2751,6.0
2752,4.0
2753,7.0
2754,5.0
2755,3.0
2756,4.0
2757,3.0
2758,2.0
2759,4.0
2760,7.0
2761,2.0
2762,5.0
2763,4.0
2764,8.0
2765,4.0
2766,6.0
2767,5.0
2768,5.0
2769,7.0
2770,1.0
2771,1.0
2772,5.0
2773,6.0
2774,7.0
2775,4.0
2776,6.0
2777,5.0
2778,6.0
2779,6.0
2780,4.0
2781,6.0
2782,6.0
2783,6.0
2784,7.0
2785,3.0
2786,5.0
2787,6.0
2788,4.0
2789,5.0
2790,6.0
2791,5.0
2792,4.0
2793,6.0
2794,4.0
2795,7.0
2796,3.0
2797,6.0
2798,0.0
2799,7.0
2800,3.0
2801,5.0
2802,7.0
2803,4.0
2804,4.0
2805,8.0
2806,3.0
2807,4.0
2808,7.0
2809,5.0
2810,5.0
2811,5.0
2812,7.0
2813,8.0
2814,7.0
2815,4.0
2816,3.0
2817,7.0
2818,5.0
2819,5.0
2820,1.0
2821,5.0
2822,6.0
2823,6.0
2824,6.0
2825,4.0
2826,5.0
2827,7.0
2828,4.0
2829,4.0
2830,7.0
2831,4.0
2832,5.0
2833,5.0
2834,2.0
2835,8.0
2836,5.0
2837,7.0
2838,6.0
2839,4.0
2840,3.0
2841,5.0
2842,7.0
2843,3.0
2844,4.0
2845,4.0
2846,4.0
2847,7.0
2848,3.0
2849,7.0
2850,4.0
2851,5.0
2852,3.0
2853,6.0
2854,2.0
2855,4.0
2856,7.0
2857,2.0
2858,6.0
2859,2.0
2860,5.0
2861,7.0
2862,5.0
2863,5.0
2864,3.0
2865,5.0
2866,8.0
2867,2.0
2868,5.0
2869,4.0
2870,6.0
2871,6.0
2872,6.0
2873,4.0
2874,2.0
2875,1.0
2876,3.0
2877,7.0
2878,3.0
2879,2.0
2880,8.0
2881,5.0
2882,5.0
2883,2.0
2884,7.0
2885,4.0
2886,6.0
2887,8.0
2888,6.0
2889,6.0
2890,5.0
2891,5.0
2892,2.0
2893,7.0
2894,5.0
2895,6.0
2896,3.0
2897,4.0
2898,5.0
2899,8.0
2900,2.0
2901,3.0
2902,4.0
2903,7.0
2904,2.0
2905,9.0
2906,4.0
2907,3.0
2908,4.0
2909,3.0
2910,6.0
2911,4.0
2912,1.0
2913,4.0
2914,4.0
2915,4.0
2916,7.0
2917,0.0
2918,7.0
2919,5.0
2920,7.0
2921,2.0
2922,5.0
2923,6.0
2924,7.0
2925,3.0
2926,7.0
2927,7.0
2928,5.0
2929,4.0
2930,6.0
2931,6.0
2932,5.0
2933,2.0
2934,5.0
2935,7.0
2936,5.0
2937,4.0
2938,6.0
2939,4.0
2940,5.0
2941,7.0
2942,5.0
2943,8.0
2944,6.0
2945,3.0
2946,2.0
2947,3.0
2948,6.0
2949,6.0
2950,7.0
2951,4.0
2952,4.0
2953,8.0
2954,7.0
2955,4.0
2956,7.0
2957,3.0
2958,6.0
2959,6.0
2960,7.0
2961,5.0
2962,3.0
2963,3.0
2964,9.0
2965,1.0
2966,4.0
2967,5.0
2968,4.0
2969,5.0
2970,4.0
2971,5.0
2972,5.0
2973,7.0
2974,6.0
2975,4.0
2976,1.0
2977,5.0
2978,5.0
2979,7.0
2980,7.0
2981,2.0
2982,4.0
2983,4.0
2984,3.0
2985,7.0
2986,4.0
2987,3.0
2988,3.0
2989,2.0
2990,4.0
2991,5.0
2992,3.0
2993,5.0
2994,3.0
2995,4.0
2996,6.0
2997,5.0
2998,6.0
2999,5.0
3000,5.0
3001,5.0
3002,3.0
3003,5.0
3004,-1.0
3005,1.0
3006,4.0
3007,8.0
3008,5.0
3009,7.0
3010,5.0
3011,6.0
3012,5.0
3013,6.0
3014,5.0
3015,6.0
3016,7.0
3017,3.0
3018,4.0
3019,5.0
3020,5.0
3021,7.0
3022,5.0
3023,2.0
3024,5.0
3025,1.0
3026,2.0
3027,7.0
3028,4.0
3029,7.0
3030,3.0
3031,2.0
3032,7.0
3033,6.0
3034,5.0
3035,6.0
3036,5.0
3037,4.0
3038,3.0
3039,8.0
3040,8.0
3041,5.0
3042,6.0
3043,5.0
3044,3.0
3045,6.0
3046,6.0
3047,5.0
3048,7.0
3049,4.0
3050,3.0
3051,8.0
3052,6.0
3053,6.0
3054,1.0
3055,6.0
3056,3.0
3057,7.0
3058,3.0
3059,5.0
3060,4.0
3061,6.0
3062,5.0
3063,6.0
3064,6.0
3065,6.0
3066,4.0
3067,3.0
3068,3.0
3069,5.0
3070,3.0
3071,7.0
3072,4.0
3073,6.0
3074,6.0
3075,6.0
3076,6.0
3077,5.0
3078,6.0
3079,6.0
3080,5.0
3081,1.0
3082,4.0
3083,2.0
3084,5.0
3085,3.0
3086,4.0
3087,6.0
3088,3.0
3089,-0.0
3090,6.0
3091,2.0
3092,8.0
3093,6.0
3094,5.0
3095,4.0
3096,7.0
3097,6.0
3098,5.0
3099,4.0
3100,2.0
3101,5.0
3102,6.0
3103,7.0
3104,3.0
3105,8.0
3106,6.0
3107,8.0
3108,8.0
3109,2.0
3110,7.0
3111,6.0
3112,3.0
3113,7.0
3114,3.0
3115,8.0
3116,6.0
3117,5.0
3118,1.0
3119,5.0
3120,6.0
3121,8.0
3122,2.0
3123,4.0
3124,5.0
3125,6.0
3126,2.0
3127,2.0
3128,8.0
3129,7.0
3130,3.0
3131,9.0
3132,7.0
3133,6.0
3134,4.0
3135,5.0
3136,5.0
3137,1.0
3138,8.0
3139,6.0
3140,3.0
3141,4.0
3142,5.0
3143,3.0
3144,4.0
3145,2.0
3146,3.0
3147,2.0
3148,5.0
3149,7.0
3150,2.0
3151,6.0
3152,6.0
3153,1.0
3154,3.0
3155,5.0
3156,5.0
3157,5.0
3158,6.0
3159,3.0
3160,5.0
3161,3.0
3162,5.0
3163,6.0
3164,5.0
3165,4.0
3166,7.0
3167,3.0
3168,5.0
3169,4.0
3170,6.0
3171,5.0
3172,6.0
3173,7.0
3174,6.0
3175,5.0
3176,6.0
3177,6.0
3178,5.0
3179,2.0
3180,2.0
3181,6.0
3182,5.0
3183,5.0
3184,4.0
3185,6.0
3186,6.0
3187,7.0
3188,5.0
3189,4.0
3190,5.0
3191,4.0
3192,8.0
3193,5.0
3194,8.0
3195,6.0
3196,2.0
3197,7.0
3198,6.0
3199,4.0
3200,7.0
3201,7.0
3202,5.0
3203,5.0
3204,5.0
3205,6.0
3206,6.0
3207,4.0
3208,5.0
3209,5.0
3210,7.0
3211,4.0
3212,8.0
3213,6.0
3214,8.0
3215,7.0
3216,6.0
3217,7.0
3218,3.0
3219,3.0
3220,8.0
3221,7.0
3222,3.0
3223,4.0
3224,7.0
3225,2.0
3226,2.0
3227,4.0
3228,4.0
3229,6.0
3230,6.0
3231,4.0
3232,4.0
3233,5.0
3234,1.0
3235,7.0
3236,7.0
3237,7.0
3238,4.0
3239,6.0
3240,4.0
3241,3.0
3242,2.0
3243,5.0
3244,7.0
3245,7.0
3246,5.0
3247,8.0
3248,8.0
3249,5.0
3250,5.0
3251,5.0
3252,8.0
3253,3.0
3254,10.0
3255,5.0
3256,6.0
3257,8.0
3258,5.0
3259,5.0
3260,5.0
3261,3.0
3262,3.0
3263,2.0
3264,6.0
3265,8.0
3266,7.0
3267,7.0
3268,1.0
3269,3.0
3270,7.0
3271,3.0
3272,1.0
3273,3.0
3274,6.0
3275,7.0
3276,4.0
3277,8.0
3278,3.0
3279,2.0
3280,3.0
3281,4.0
3282,6.0
3283,3.0
3284,6.0
3285,3.0
3286,4.0
3287,7.0
3288,4.0
3289,4.0
3290,4.0
3291,5.0
3292,5.0
3293,4.0
3294,7.0
3295,5.0
3296,1.0
3297,6.0
3298,3.0
3299,7.0
3300,6.0
3301,6.0
3302,6.0
3303,8.0
3304,6.0
3305,8.0
3306,8.0
3307,6.0
3308,5.0
3309,5.0
3310,5.0
3311,6.0
3312,2.0
3313,7.0
3314,8.0
3315,4.0
3316,4.0
3317,3.0
3318,7.0
3319,5.0
3320,3.0
3321,5.0
3322,5.0
3323,3.0
3324,6.0
3325,4.0
3326,6.0
3327,4.0
3328,4.0
3329,3.0
3330,5.0
3331,6.0
3332,5.0
3333,4.0
3334,6.0
3335,6.0
3336,3.0
3337,4.0
3338,2.0
3339,4.0
3340,8.0
3341,5.0
3342,7.0
3343,6.0
3344,2.0
3345,4.0
3346,2.0
3347,3.0
3348,6.0
3349,4.0
3350,5.0
3351,5.0
3352,4.0
3353,4.0
3354,2.0
3355,5.0
3356,6.0
3357,3.0
3358,5.0
3359,5.0
3360,4.0
3361,5.0
3362,5.0
3363,5.0
3364,6.0
3365,5.0
3366,6.0
3367,3.0
3368,4.0
3369,4.0
3370,6.0
3371,6.0
3372,4.0
3373,6.0
3374,5.0
3375,5.0
3376,6.0
3377,6.0
3378,5.0
3379,4.0
3380,6.0
3381,5.0
3382,7.0
3383,4.0
3384,6.0
3385,7.0
3386,2.0
3387,2.0
3388,6.0
3389,4.0
3390,6.0
3391,5.0
3392,5.0
3393,7.0
3394,6.0
3395,4.0
3396,2.0
3397,4.0
3398,6.0
3399,8.0
3400,3.0
3401,3.0
3402,4.0
3403,6.0
3404,6.0
3405,6.0
3406,7.0
3407,4.0
3408,3.0
3409,4.0
3410,2.0
3411,4.0
3412,3.0
3413,6.0
3414,5.0
3415,5.0
3416,7.0
3417,5.0
3418,5.0
3419,5.0
3420,4.0
3421,6.0
3422,6.0
3423,4.0
3424,5.0
3425,5.0
3426,5.0
3427,7.0
3428,4.0
3429,5.0
3430,3.0
3431,5.0
3432,3.0
3433,6.0
3434,5.0
3435,3.0
3436,6.0
3437,3.0
3438,7.0
3439,4.0
3440,5.0
3441,5.0
3442,5.0
3443,7.0
3444,6.0
3445,7.0
3446,5.0
3447,6.0
3448,4.0
3449,2.0
3450,5.0
3451,6.0
3452,3.0
3453,3.0
3454,7.0
3455,7.0
3456,2.0
3457,1.0
3458,2.0
3459,7.0
3460,8.0
3461,6.0
3462,6.0
3463,7.0
3464,7.0
3465,6.0
3466,4.0
3467,3.0
3468,9.0
3469,7.0
3470,5.0
3471,7.0
3472,2.0
3473,5.0
3474,3.0
3475,1.0
3476,3.0
3477,8.0
3478,6.0
3479,7.0
3480,3.0
3481,6.0
3482,6.0
3483,4.0
3484,5.0
3485,5.0
3486,6.0
3487,4.0
3488,6.0
3489,7.0
3490,5.0
3491,1.0
3492,7.0
3493,7.0
3494,8.0
3495,4.0
3496,7.0
3497,4.0
3498,6.0
3499,2.0
3500,7.0
3501,4.0
3502,4.0
3503,6.0
3504,0.0
3505,3.0
3506,6.0
3507,8.0
3508,1.0
3509,4.0
3510,4.0
3511,2.0
3512,1.0
3513,4.0
3514,1.0
3515,4.0
3516,6.0
3517,5.0
3518,7.0
3519,6.0
3520,6.0
3521,5.0
3522,5.0
3523,6.0
3524,5.0
3525,6.0
3526,6.0
3527,7.0
3528,4.0
3529,5.0
3530,7.0
3531,3.0
3532,7.0
3533,2.0
3534,6.0
3535,5.0
3536,4.0
3537,8.0
3538,3.0
3539,6.0
3540,7.0
3541,5.0
3542,3.0
3543,5.0
3544,6.0
3545,7.0
3546,6.0
3547,2.0
3548,7.0
3549,8.0
3550,9.0
3551,9.0
3552,4.0
3553,6.0
3554,1.0
3555,3.0
3556,7.0
3557,7.0
3558,3.0
3559,3.0
3560,6.0
3561,5.0
3562,2.0
3563,5.0
3564,2.0
3565,7.0
3566,7.0
3567,4.0
3568,7.0
3569,4.0
3570,5.0
3571,2.0
3572,6.0
3573,4.0
3574,0.0
3575,7.0
3576,6.0
3577,6.0
3578,3.0
3579,4.0
3580,5.0
3581,5.0
3582,4.0
3583,3.0
3584,6.0
3585,7.0
3586,7.0
3587,5.0
3588,8.0
3589,7.0
3590,5.0
3591,5.0
3592,5.0
3593,5.0
3594,7.0
3595,5.0
3596,3.0
3597,7.0
3598,6.0
3599,5.0
3600,8.0
3601,6.0
3602,3.0
3603,2.0
3604,6.0
3605,5.0
3606,5.0
3607,4.0
3608,8.0
3609,5.0
3610,1.0
3611,3.0
3612,5.0
3613,7.0
3614,7.0
3615,5.0
3616,3.0
3617,4.0
3618,3.0
3619,7.0
3620,4.0
3621,3.0
3622,6.0
3623,4.0
3624,6.0
3625,6.0
3626,6.0
3627,7.0
3628,3.0
3629,4.0
3630,5.0
3631,4.0
3632,9.0
3633,3.0
3634,3.0
3635,6.0
3636,6.0
3637,8.0
3638,3.0
3639,4.0
3640,7.0
3641,6.0
3642,7.0
3643,4.0
3644,3.0
3645,3.0
3646,4.0
3647,6.0
3648,5.0
3649,8.0
3650,7.0
3651,2.0
3652,4.0
3653,5.0
3654,6.0
3655,4.0
3656,4.0
3657,8.0
3658,8.0
3659,5.0
3660,5.0
3661,6.0
3662,5.0
3663,6.0
3664,4.0
3665,2.0
3666,6.0
3667,8.0
3668,4.0
3669,6.0
3670,3.0
3671,6.0
3672,5.0
3673,8.0
3674,3.0
3675,6.0
3676,5.0
3677,4.0
3678,5.0
3679,8.0
3680,7.0
3681,7.0
3682,5.0
3683,6.0
3684,6.0
3685,4.0
3686,3.0
3687,1.0
3688,8.0
3689,4.0
3690,5.0
3691,8.0
3692,5.0
3693,7.0
3694,5.0
3695,7.0
3696,2.0
3697,5.0
3698,5.0
3699,4.0
3700,5.0
3701,2.0
3702,7.0
3703,7.0
3704,5.0
3705,4.0
3706,4.0
3707,3.0
3708,4.0
3709,3.0
3710,7.0
3711,4.0
3712,1.0
3713,8.0
3714,2.0
3715,4.0
3716,2.0
3717,1.0
3718,6.0
3719,6.0
3720,6.0
3721,3.0
3722,6.0
3723,4.0
3724,6.0
3725,7.0
3726,7.0
3727,2.0
3728,6.0
3729,6.0
3730,4.0
3731,7.0
3732,6.0
3733,7.0
3734,6.0
3735,8.0
3736,7.0
3737,5.0
3738,6.0
3739,4.0
3740,5.0
3741,4.0
3742,3.0
3743,2.0
3744,8.0
3745,5.0
3746,5.0
3747,3.0
3748,2.0
3749,6.0
3750,8.0
3751,4.0
3752,4.0
3753,5.0
3754,7.0
3755,2.0
3756,7.0
3757,6.0
3758,7.0
3759,7.0
3760,5.0
3761,4.0
3762,5.0
3763,5.0
3764,6.0
3765,4.0
3766,2.0
3767,5.0
3768,5.0
3769,6.0
3770,7.0
3771,5.0
3772,6.0
3773,5.0
3774,9.0
3775,4.0
3776,6.0
3777,6.0
3778,4.0
3779,2.0
3780,7.0
3781,3.0
3782,5.0
3783,6.0
3784,3.0
3785,8.0
3786,3.0
3787,7.0
3788,4.0
3789,6.0
3790,5.0
3791,6.0
3792,5.0
3793,6.0
3794,5.0
3795,5.0
3796,6.0
3797,1.0
3798,3.0
3799,6.0
3800,5.0
3801,4.0
3802,5.0
3803,5.0
3804,2.0
3805,4.0
3806,3.0
3807,4.0
3808,5.0
3809,7.0
3810,3.0
3811,4.0
3812,5.0
3813,6.0
3814,5.0
3815,3.0
3816,5.0
3817,5.0
3818,4.0
3819,4.0
3820,3.0
3821,6.0
3822,8.0
3823,8.0
3824,4.0
3825,8.0
3826,3.0
3827,4.0
3828,7.0
3829,4.0
3830,3.0
3831,5.0
3832,8.0
3833,6.0
3834,6.0
3835,8.0
3836,5.0
3837,3.0
3838,6.0
3839,6.0
3840,4.0
3841,6.0
3842,3.0
3843,7.0
3844,5.0
3845,4.0
3846,7.0
3847,6.0
3848,1.0
3849,4.0
3850,4.0
3851,4.0
3852,7.0
3853,6.0
3854,3.0
3855,5.0
3856,5.0
3857,6.0
3858,3.0
3859,6.0
3860,7.0
3861,8.0
3862,8.0
3863,6.0
3864,5.0
3865,4.0
3866,3.0
3867,3.0
3868,5.0
3869,5.0
3870,6.0
3871,4.0
3872,4.0
3873,6.0
3874,7.0
3875,6.0
3876,4.0
3877,5.0
3878,5.0
3879,5.0
3880,3.0
3881,4.0
3882,7.0
3883,4.0
3884,2.0
3885,6.0
3886,4.0
3887,4.0
3888,7.0
3889,3.0
3890,3.0
3891,6.0
3892,7.0
3893,2.0
3894,7.0
3895,6.0
3896,6.0
3897,4.0
3898,4.0
3899,5.0
3900,7.0
3901,7.0
3902,5.0
3903,7.0
3904,4.0
3905,2.0
3906,3.0
3907,7.0
3908,6.0
3909,7.0
3910,5.0
3911,5.0
3912,5.0
3913,4.0
3914,3.0
3915,6.0
3916,8.0
3917,6.0
3918,5.0
3919,6.0
3920,6.0
3921,3.0
3922,3.0
3923,8.0
3924,8.0
3925,3.0
3926,8.0
3927,4.0
3928,6.0
3929,7.0
3930,7.0
3931,3.0
3932,1.0
3933,8.0
3934,1.0
3935,7.0
3936,6.0
3937,7.0
3938,7.0
3939,4.0
3940,3.0
3941,7.0
3942,1.0
3943,4.0
3944,3.0
3945,8.0
3946,4.0
3947,3.0
3948,7.0
3949,7.0
3950,8.0
3951,2.0
3952,6.0
3953,5.0
3954,4.0
3955,6.0
3956,5.0
3957,3.0
3958,4.0
3959,8.0
3960,6.0
3961,4.0
3962,7.0
3963,4.0
3964,4.0
3965,5.0
3966,1.0
3967,7.0
3968,4.0
3969,9.0
3970,7.0
3971,6.0
3972,2.0
3973,4.0
3974,6.0
3975,7.0
3976,6.0
3977,5.0
3978,6.0
3979,5.0
3980,7.0
3981,4.0
3982,3.0
3983,4.0
3984,6.0
3985,6.0
3986,7.0
3987,4.0
3988,6.0
3989,4.0
3990,2.0
3991,7.0
3992,7.0
3993,4.0
3994,0.0
3995,2.0
3996,6.0
3997,6.0
3998,2.0
3999,3.0
4000,4.0
4001,6.0
4002,5.0
4003,7.0
4004,6.0
4005,6.0
4006,3.0
4007,8.0
4008,6.0
4009,7.0
4010,4.0
4011,1.0
4012,5.0
4013,7.0
4014,7.0
4015,2.0
4016,4.0
4017,6.0
4018,3.0
4019,8.0
4020,7.0
4021,5.0
4022,6.0
4023,8.0
4024,5.0
4025,7.0
4026,2.0
4027,4.0
4028,7.0
4029,7.0
4030,4.0
4031,7.0
4032,2.0
4033,5.0
4034,4.0
4035,7.0
4036,3.0
4037,2.0
4038,7.0
4039,4.0
4040,5.0
4041,1.0
4042,5.0
4043,8.0
4044,-0.0
4045,6.0
4046,2.0
4047,5.0
4048,4.0
4049,4.0
4050,6.0
4051,4.0
4052,3.0
4053,7.0
4054,6.0
4055,3.0
4056,4.0
4057,7.0
4058,4.0
4059,4.0
4060,6.0
4061,4.0
4062,4.0
4063,2.0
4064,4.0
4065,5.0
4066,3.0
4067,6.0
4068,4.0
4069,8.0
4070,5.0
4071,3.0
4072,4.0
4073,6.0
4074,1.0
4075,5.0
4076,4.0
4077,6.0
4078,4.0
4079,7.0
4080,6.0
4081,4.0
4082,7.0
4083,6.0
4084,6.0
4085,4.0
4086,6.0
4087,6.0
4088,8.0
4089,6.0
4090,2.0
4091,4.0
4092,6.0
4093,5.0
4094,5.0
4095,4.0
4096,4.0
4097,5.0
4098,6.0
4099,8.0
4100,7.0
4101,3.0
4102,5.0
4103,5.0
4104,-0.0
4105,7.0
4106,3.0
4107,3.0
4108,3.0
4109,4.0
4110,5.0
4111,7.0
4112,6.0
4113,2.0
4114,-0.0
4115,5.0
4116,6.0
4117,2.0
4118,7.0
4119,5.0
4120,5.0
4121,5.0
4122,4.0
4123,5.0
4124,6.0
4125,7.0
4126,3.0
4127,4.0
4128,5.0
4129,3.0
4130,7.0
4131,6.0
4132,5.0
4133,1.0
4134,5.0
4135,6.0
4136,5.0
4137,6.0
4138,5.0
4139,7.0
4140,-0.0
4141,6.0
4142,6.0
4143,3.0
4144,5.0
4145,3.0
4146,3.0
4147,5.0
4148,4.0
4149,4.0
4150,5.0
4151,7.0
4152,5.0
4153,2.0
4154,6.0
4155,6.0
4156,7.0
4157,8.0
4158,4.0
4159,5.0
4160,2.0
4161,4.0
4162,10.0
4163,7.0
4164,4.0
4165,6.0
4166,5.0
4167,7.0
4168,3.0
4169,5.0
4170,2.0
4171,5.0
4172,1.0
4173,6.0
4174,3.0
4175,7.0
4176,5.0
4177,5.0
4178,2.0
4179,4.0
4180,7.0
4181,4.0
4182,6.0
4183,6.0
4184,4.0
4185,2.0
4186,5.0
4187,6.0
4188,6.0
4189,7.0
4190,4.0
4191,5.0
4192,2.0
4193,4.0
4194,1.0
4195,1.0
4196,7.0
4197,1.0
4198,4.0
4199,6.0
4200,3.0
4201,2.0
4202,6.0
4203,4.0
4204,7.0
4205,8.0
4206,7.0
4207,2.0
4208,2.0
4209,3.0
4210,2.0
4211,6.0
4212,5.0
4213,4.0
4214,5.0
4215,5.0
4216,6.0
4217,7.0
4218,4.0
4219,6.0
4220,6.0
4221,2.0
4222,7.0
4223,8.0
4224,7.0
4225,3.0
4226,5.0
4227,5.0
4228,6.0
4229,2.0
4230,2.0
4231,4.0
4232,3.0
4233,7.0
4234,3.0
4235,5.0
4236,5.0
4237,2.0
4238,4.0
4239,1.0
4240,4.0
4241,3.0
4242,6.0
4243,2.0
4244,6.0
4245,5.0
4246,5.0
4247,6.0
4248,4.0
4249,2.0
4250,6.0
4251,2.0
4252,4.0
4253,7.0
4254,4.0
4255,2.0
4256,6.0
4257,7.0
4258,4.0
4259,3.0
4260,1.0
4261,6.0
4262,6.0
4263,2.0
4264,0.0
4265,1.0
4266,4.0
4267,4.0
4268,4.0
4269,3.0
4270,7.0
4271,3.0
4272,2.0
4273,3.0
4274,5.0
4275,5.0
4276,2.0
4277,3.0
4278,4.0
4279,4.0
4280,6.0
4281,0.0
4282,3.0
4283,5.0
4284,3.0
4285,8.0
4286,2.0
4287,5.0
4288,3.0
4289,5.0
4290,4.0
4291,4.0
4292,6.0
4293,3.0
4294,4.0
4295,0.0
4296,6.0
4297,5.0
4298,4.0
4299,2.0
4300,5.0
4301,3.0
4302,7.0
4303,2.0
4304,4.0
4305,4.0
4306,3.0
4307,6.0
4308,5.0
4309,5.0
4310,5.0
4311,3.0
4312,5.0
4313,3.0
4314,5.0
4315,4.0
4316,5.0
4317,6.0
4318,3.0
4319,6.0
4320,1.0
4321,6.0
4322,2.0
4323,8.0
4324,1.0
4325,4.0
4326,1.0
4327,3.0
4328,4.0
4329,2.0
4330,9.0
4331,4.0
4332,3.0
4333,6.0
4334,6.0
4335,7.0
4336,5.0
4337,3.0
4338,3.0
4339,8.0
4340,5.0
4341,5.0
4342,7.0
4343,5.0
4344,2.0
4345,2.0
4346,5.0
4347,6.0
4348,0.0
4349,8.0
4350,5.0
4351,5.0
4352,7.0
4353,7.0
4354,4.0
4355,1.0
4356,4.0
4357,0.0
4358,2.0
4359,8.0
4360,5.0
4361,2.0
4362,5.0
4363,4.0
4364,5.0
4365,4.0
4366,6.0
4367,5.0
4368,7.0
4369,8.0
4370,5.0
4371,6.0
4372,7.0
4373,7.0
4374,6.0
4375,4.0
4376,4.0
4377,6.0
4378,5.0
4379,6.0
4380,5.0
4381,5.0
4382,7.0
4383,3.0
4384,6.0
4385,7.0
4386,6.0
4387,3.0
4388,3.0
4389,2.0
4390,6.0
4391,2.0
4392,3.0
4393,7.0
4394,4.0
4395,5.0
4396,4.0
4397,5.0
4398,4.0
4399,0.0
4400,5.0
4401,6.0
4402,0.0
4403,6.0
4404,4.0
4405,7.0
4406,5.0
4407,4.0
4408,4.0
4409,5.0
4410,4.0
4411,7.0
4412,4.0
4413,6.0
4414,6.0
4415,2.0
4416,5.0
4417,5.0
4418,2.0
4419,1.0
4420,3.0
4421,3.0
4422,5.0
4423,2.0
4424,7.0
4425,3.0
4426,3.0
4427,5.0
4428,5.0
4429,7.0
4430,4.0
4431,2.0
4432,2.0
4433,5.0
4434,2.0
4435,4.0
4436,6.0
4437,1.0
4438,4.0
4439,4.0
4440,5.0
4441,3.0
4442,6.0
4443,5.0
4444,6.0
4445,3.0
4446,1.0
4447,3.0
4448,3.0
4449,7.0
4450,6.0
4451,6.0
4452,4.0
4453,5.0
4454,6.0
4455,3.0
4456,3.0
4457,1.0
4458,3.0
4459,4.0
4460,1.0
4461,2.0
4462,5.0
4463,4.0
4464,6.0
4465,3.0
4466,1.0
4467,7.0
4468,2.0
4469,4.0
4470,4.0
4471,3.0
4472,6.0
4473,3.0
4474,3.0
4475,7.0
4476,6.0
4477,8.0
4478,7.0
4479,7.0
4480,8.0
4481,7.0
4482,3.0
4483,4.0
4484,4.0
4485,2.0
4486,5.0
4487,7.0
4488,8.0
4489,3.0
4490,1.0
4491,7.0
4492,4.0
4493,2.0
4494,8.0
4495,3.0
4496,6.0
4497,4.0
4498,3.0
4499,3.0
4500,5.0
4501,3.0
4502,4.0
4503,4.0
4504,5.0
4505,7.0
4506,4.0
4507,6.0
4508,6.0
4509,4.0
4510,6.0
4511,5.0
4512,2.0
4513,6.0
4514,6.0
4515,4.0
4516,6.0
4517,3.0
4518,6.0
4519,3.0
4520,7.0
4521,3.0
4522,5.0
4523,5.0
4524,7.0
4525,8.0
4526,3.0
4527,5.0
4528,4.0
4529,4.0
4530,5.0
4531,4.0
4532,4.0
4533,8.0
4534,5.0
4535,3.0
4536,7.0
4537,2.0
4538,3.0
4539,-1.0
4540,3.0
4541,6.0
4542,4.0
4543,4.0
4544,4.0
4545,7.0
4546,2.0
4547,5.0
4548,7.0
4549,5.0
4550,6.0
4551,8.0
4552,2.0
4553,4.0
4554,6.0
4555,4.0
4556,1.0
4557,8.0
4558,3.0
4559,4.0
4560,5.0
4561,1.0
4562,6.0
4563,2.0
4564,7.0
4565,2.0
4566,4.0
4567,6.0
4568,8.0
4569,6.0
4570,2.0
4571,6.0
4572,2.0
4573,5.0
4574,7.0
4575,4.0
4576,3.0
4577,7.0
4578,5.0
4579,7.0
4580,1.0
4581,2.0
4582,3.0
4583,7.0
4584,3.0
4585,5.0
4586,8.0
4587,5.0
4588,5.0
4589,1.0
4590,4.0
4591,4.0
4592,0.0
4593,5.0
4594,3.0
4595,5.0
4596,3.0
4597,5.0
4598,7.0
4599,2.0
4600,2.0
4601,7.0
4602,4.0
4603,4.0
4604,3.0
4605,3.0
4606,5.0
4607,4.0
4608,5.0
4609,6.0
4610,7.0
4611,8.0
4612,6.0
4613,5.0
4614,4.0
4615,7.0
4616,3.0
4617,1.0
4618,3.0
4619,5.0
4620,2.0
4621,7.0
4622,4.0
4623,2.0
4624,4.0
4625,6.0
4626,6.0
4627,5.0
4628,2.0
4629,5.0
4630,4.0
4631,2.0
4632,2.0
4633,5.0
4634,5.0
4635,5.0
4636,3.0
4637,2.0
4638,2.0
4639,2.0
4640,8.0
4641,7.0
4642,4.0
4643,8.0
4644,6.0
4645,3.0
4646,2.0
4647,5.0
4648,4.0
4649,5.0
4650,4.0
4651,3.0
4652,3.0
4653,7.0
4654,3.0
4655,6.0
4656,4.0
4657,3.0
4658,2.0
4659,3.0
4660,6.0
4661,3.0
4662,2.0
4663,4.0
4664,4.0
4665,6.0
4666,5.0
4667,7.0
4668,0.0
4669,2.0
4670,4.0
4671,7.0
4672,3.0
4673,5.0
4674,2.0
4675,7.0
4676,4.0
4677,6.0
4678,7.0
4679,5.0
4680,3.0
4681,2.0
4682,2.0
4683,4.0
4684,8.0
4685,2.0
4686,5.0
4687,3.0
4688,4.0
4689,6.0
4690,4.0
4691,6.0
4692,6.0
4693,7.0
4694,3.0
4695,5.0
4696,7.0
4697,6.0
4698,1.0
4699,3.0
4700,2.0
4701,8.0
4702,3.0
4703,2.0
4704,7.0
4705,7.0
4706,2.0
4707,4.0
4708,5.0
4709,0.0
4710,1.0
4711,5.0
4712,6.0
4713,7.0
4714,4.0
4715,3.0
4716,3.0
4717,7.0
4718,6.0
4719,7.0
4720,1.0
4721,2.0
4722,7.0
4723,7.0
4724,2.0
4725,6.0
4726,6.0
4727,5.0
4728,3.0
4729,8.0
4730,8.0
4731,4.0
4732,6.0
4733,5.0
4734,5.0
4735,3.0
4736,7.0
4737,9.0
4738,6.0
4739,4.0
4740,5.0
4741,3.0
4742,4.0
4743,3.0
4744,4.0
4745,7.0
4746,2.0
4747,6.0
4748,7.0
4749,5.0
4750,6.0
4751,3.0
4752,8.0
4753,6.0
4754,7.0
4755,5.0
4756,6.0
4757,-0.0
4758,4.0
4759,3.0
4760,5.0
4761,6.0
4762,2.0
4763,6.0
4764,2.0
4765,7.0
4766,5.0
4767,1.0
4768,7.0
4769,5.0
4770,3.0
4771,4.0
4772,6.0
4773,6.0
4774,6.0
4775,2.0
4776,3.0
4777,3.0
4778,4.0
4779,5.0
4780,7.0
4781,6.0
4782,6.0
4783,2.0
4784,5.0
4785,4.0
4786,6.0
4787,2.0
4788,6.0
4789,4.0
4790,1.0
4791,0.0
4792,4.0
4793,1.0
4794,6.0
4795,4.0
4796,1.0
4797,5.0
4798,7.0
4799,3.0
4800,3.0
4801,4.0
4802,6.0
4803,6.0
4804,5.0
4805,2.0
4806,4.0
4807,4.0
4808,5.0
4809,3.0
4810,4.0
4811,5.0
4812,3.0
4813,7.0
4814,6.0
4815,6.0
4816,5.0
4817,2.0
4818,7.0
4819,2.0
4820,3.0
4821,7.0
4822,7.0
4823,8.0
4824,7.0
4825,4.0
4826,6.0
4827,4.0
4828,3.0
4829,4.0
4830,9.0
4831,3.0
4832,7.0
4833,7.0
4834,3.0
4835,3.0
4836,5.0
4837,4.0
4838,7.0
4839,3.0
4840,3.0
4841,4.0
4842,3.0
4843,2.0
4844,6.0
4845,5.0
4846,6.0
4847,2.0
4848,7.0
4849,1.0
4850,3.0
4851,2.0
4852,6.0
4853,8.0
4854,8.0
4855,2.0
4856,3.0
4857,2.0
4858,7.0
4859,8.0
4860,4.0
4861,4.0
4862,7.0
4863,6.0
4864,2.0
4865,1.0
4866,7.0
4867,4.0
4868,4.0
4869,3.0
4870,5.0
4871,4.0
4872,3.0
4873,2.0
4874,7.0
4875,5.0
4876,5.0
4877,5.0
4878,3.0
4879,6.0
4880,5.0
4881,5.0
4882,3.0
4883,3.0
4884,7.0
4885,7.0
4886,3.0
4887,6.0
4888,2.0
4889,7.0
4890,2.0
4891,7.0
4892,3.0
4893,-0.0
4894,4.0
4895,7.0
4896,6.0
4897,2.0
4898,6.0
4899,8.0
4900,7.0
4901,4.0
4902,4.0
4903,8.0
4904,2.0
4905,8.0
4906,7.0
4907,3.0
4908,6.0
4909,6.0
4910,4.0
4911,6.0
4912,6.0
4913,7.0
4914,5.0
4915,5.0
4916,5.0
4917,5.0
4918,6.0
4919,3.0
4920,3.0
4921,2.0
4922,6.0
4923,3.0
4924,4.0
4925,4.0
4926,4.0
4927,4.0
4928,5.0
4929,4.0
4930,4.0
4931,4.0
4932,6.0
4933,6.0
4934,4.0
4935,7.0
4936,6.0
4937,4.0
4938,6.0
4939,7.0
4940,6.0
4941,5.0
4942,1.0
4943,7.0
4944,7.0
4945,4.0
4946,2.0
4947,5.0
4948,6.0
4949,5.0
4950,3.0
4951,4.0
4952,3.0
4953,6.0
4954,5.0
4955,2.0
4956,7.0
4957,4.0
4958,2.0
4959,4.0
4960,6.0
4961,6.0
4962,8.0
4963,6.0
4964,3.0
4965,6.0
4966,2.0
4967,1.0
4968,3.0
4969,5.0
4970,5.0
4971,4.0
4972,6.0
4973,8.0
4974,4.0
4975,2.0
4976,4.0
4977,4.0
4978,4.0
4979,5.0
4980,5.0
4981,3.0
4982,2.0
4983,5.0
4984,5.0
4985,8.0
4986,5.0
4987,3.0
4988,7.0
4989,5.0
4990,5.0
4991,6.0
4992,6.0
4993,6.0
4994,6.0
4995,6.0
4996,3.0
4997,5.0
4998,6.0
4999,3.0
5000,1.0
5001,4.0
5002,3.0
5003,1.0
5004,7.0
5005,7.0
5006,7.0
5007,5.0
5008,7.0
5009,5.0
5010,2.0
5011,2.0
5012,4.0
5013,5.0
5014,6.0
5015,4.0
5016,8.0
5017,3.0
5018,3.0
5019,6.0
5020,4.0
5021,7.0
5022,6.0
5023,6.0
5024,6.0
5025,4.0
5026,7.0
5027,3.0
5028,1.0
5029,4.0
5030,4.0
5031,6.0
5032,4.0
5033,1.0
5034,4.0
5035,5.0
5036,4.0
5037,4.0
5038,4.0
5039,2.0
5040,2.0
5041,7.0
5042,8.0
5043,6.0
5044,7.0
5045,5.0
5046,4.0
5047,1.0
5048,5.0
5049,3.0
5050,4.0
5051,5.0
5052,6.0
5053,7.0
5054,7.0
5055,4.0
5056,5.0
5057,6.0
5058,2.0
5059,6.0
5060,6.0
5061,7.0
5062,6.0
5063,4.0
5064,4.0
5065,5.0
5066,1.0
5067,2.0
5068,3.0
5069,5.0
5070,5.0
5071,5.0
5072,6.0
5073,2.0
5074,4.0
5075,4.0
5076,4.0
5077,4.0
5078,7.0
5079,4.0
5080,5.0
5081,5.0
5082,7.0
5083,5.0
5084,7.0
5085,5.0
5086,1.0
5087,3.0
5088,7.0
5089,3.0
5090,5.0
5091,4.0
5092,1.0
5093,6.0
5094,6.0
5095,6.0
5096,4.0
5097,6.0
5098,6.0
5099,3.0
5100,2.0
5101,6.0
5102,2.0
5103,6.0
5104,3.0
5105,5.0
5106,5.0
5107,2.0
5108,4.0
5109,1.0
5110,6.0
5111,6.0
5112,5.0
5113,3.0
5114,2.0
5115,5.0
5116,3.0
5117,4.0
5118,-0.0
5119,6.0
5120,3.0
5121,5.0
5122,4.0
5123,2.0
5124,5.0
5125,4.0
5126,5.0
5127,3.0
5128,4.0
5129,3.0
5130,1.0
5131,4.0
5132,4.0
5133,5.0
5134,4.0
5135,3.0
5136,2.0
5137,7.0
5138,6.0
5139,9.0
5140,2.0
5141,6.0
5142,4.0
5143,5.0
5144,4.0
5145,3.0
5146,5.0
5147,2.0
5148,1.0
5149,4.0
5150,7.0
5151,5.0
5152,2.0
5153,3.0
5154,8.0
5155,4.0
5156,8.0
5157,1.0
5158,4.0
5159,4.0
5160,5.0
5161,2.0
5162,4.0
5163,2.0
5164,1.0
5165,7.0
5166,4.0
5167,4.0
5168,4.0
5169,7.0
5170,2.0
5171,5.0
5172,8.0
5173,7.0
5174,7.0
5175,3.0
5176,6.0
5177,4.0
5178,7.0
5179,5.0
5180,7.0
5181,5.0
5182,2.0
5183,1.0
5184,4.0
5185,9.0
5186,6.0
5187,6.0
5188,5.0
5189,7.0
5190,4.0
5191,4.0
5192,5.0
5193,7.0
5194,6.0
5195,1.0
5196,5.0
5197,6.0
5198,4.0
5199,3.0
5200,6.0
5201,4.0
5202,2.0
5203,4.0
5204,3.0
5205,3.0
5206,4.0
5207,4.0
5208,6.0
5209,3.0
5210,7.0
5211,6.0
5212,1.0
5213,3.0
5214,3.0
5215,7.0
5216,7.0
5217,4.0
5218,3.0
5219,5.0
5220,3.0
5221,6.0
5222,1.0
5223,7.0
5224,5.0
5225,2.0
5226,5.0
5227,3.0
5228,7.0
5229,6.0
5230,6.0
5231,5.0
5232,6.0
5233,6.0
5234,6.0
5235,4.0
5236,5.0
5237,3.0
5238,5.0
5239,4.0
5240,3.0
5241,2.0
5242,2.0
5243,8.0
5244,4.0
5245,3.0
5246,6.0
5247,4.0
5248,4.0
5249,7.0
5250,7.0
5251,4.0
5252,7.0
5253,3.0
5254,7.0
5255,3.0
5256,4.0
5257,3.0
5258,2.0
5259,0.0
5260,3.0
5261,6.0
5262,5.0
5263,5.0
5264,-0.0
5265,3.0
5266,7.0
5267,2.0
5268,4.0
5269,5.0
5270,4.0
5271,4.0
5272,3.0
5273,2.0
5274,5.0
5275,5.0
5276,4.0
5277,4.0
5278,4.0
5279,4.0
5280,6.0
5281,4.0
5282,4.0
5283,6.0
5284,7.0
5285,6.0
5286,6.0
5287,5.0
5288,3.0
5289,5.0
5290,6.0
5291,8.0
5292,3.0
5293,5.0
5294,6.0
5295,6.0
5296,3.0
5297,1.0
5298,6.0
5299,2.0
5300,5.0
5301,3.0
5302,6.0
5303,2.0
5304,3.0
5305,5.0
5306,4.0
5307,2.0
5308,9.0
5309,5.0
5310,7.0
5311,4.0
5312,7.0
5313,5.0
5314,4.0
5315,6.0
5316,6.0
5317,3.0
5318,5.0
5319,6.0
5320,4.0
5321,1.0
5322,5.0
5323,4.0
5324,8.0
5325,5.0
5326,6.0
5327,3.0
5328,4.0
5329,3.0
5330,5.0
5331,5.0
5332,3.0
5333,5.0
5334,6.0
5335,4.0
5336,8.0
5337,2.0
5338,6.0
5339,5.0
5340,8.0
5341,6.0
5342,7.0
5343,8.0
5344,0.0
5345,2.0
5346,4.0
5347,2.0
5348,5.0
5349,7.0
5350,5.0
5351,0.0
5352,4.0
5353,4.0
5354,4.0
5355,7.0
5356,6.0
5357,1.0
5358,2.0
5359,4.0
5360,4.0
5361,3.0
5362,1.0
5363,4.0
5364,5.0
5365,3.0
5366,7.0
5367,4.0
5368,8.0
5369,5.0
5370,6.0
5371,7.0
5372,3.0
5373,3.0
5374,3.0
5375,3.0
5376,2.0
5377,2.0
5378,5.0
5379,8.0
5380,3.0
5381,6.0
5382,3.0
5383,6.0
5384,7.0
5385,1.0
5386,5.0
5387,6.0
5388,2.0
5389,3.0
5390,3.0
5391,6.0
5392,2.0
5393,2.0
5394,6.0
5395,6.0
5396,8.0
5397,4.0
5398,7.0
5399,2.0
5400,7.0
5401,4.0
5402,6.0
5403,7.0
5404,4.0
5405,4.0
5406,4.0
5407,3.0
5408,3.0
5409,4.0
5410,4.0
5411,2.0
5412,4.0
5413,6.0
5414,4.0
5415,3.0
5416,6.0
5417,6.0
5418,3.0
5419,3.0
5420,5.0
5421,3.0
5422,5.0
5423,2.0
5424,4.0
5425,5.0
5426,5.0
5427,4.0
5428,2.0
5429,5.0
5430,2.0
5431,3.0
5432,3.0
5433,6.0
5434,8.0
5435,4.0
5436,5.0
5437,5.0
5438,4.0
5439,9.0
5440,3.0
5441,6.0
5442,7.0
5443,6.0
5444,9.0
5445,8.0
5446,4.0
5447,3.0
5448,4.0
5449,2.0
5450,2.0
5451,3.0
5452,8.0
5453,6.0
5454,3.0
5455,3.0
5456,2.0
5457,2.0
5458,6.0
5459,4.0
5460,2.0
5461,6.0
5462,5.0
5463,6.0
5464,2.0
5465,6.0
5466,7.0
5467,4.0
5468,3.0
5469,7.0
5470,2.0
5471,1.0
5472,5.0
5473,1.0
5474,6.0
5475,4.0
5476,4.0
5477,4.0
5478,6.0
5479,6.0
5480,8.0
5481,7.0
5482,3.0
5483,5.0
5484,5.0
5485,5.0
5486,5.0
5487,2.0
5488,3.0
5489,8.0
5490,3.0
5491,-0.0
5492,6.0
5493,4.0
5494,5.0
5495,5.0
5496,5.0
5497,7.0
5498,7.0
5499,7.0
5500,8.0
5501,3.0
5502,4.0
5503,3.0
5504,6.0
5505,4.0
5506,7.0
5507,5.0
5508,7.0
5509,3.0
5510,3.0
5511,2.0
5512,2.0
5513,3.0
5514,5.0
5515,3.0
5516,4.0
5517,3.0
5518,6.0
5519,4.0
5520,6.0
5521,7.0
5522,0.0
5523,6.0
5524,3.0
5525,6.0
5526,5.0
5527,4.0
5528,3.0
5529,3.0
5530,7.0
5531,8.0
5532,6.0
5533,6.0
5534,4.0
5535,6.0
5536,6.0
5537,4.0
5538,10.0
5539,5.0
5540,3.0
5541,2.0
5542,4.0
5543,7.0
5544,4.0
5545,2.0
5546,1.0
5547,6.0
5548,4.0
5549,6.0
5550,3.0
5551,2.0
5552,4.0
5553,8.0
5554,7.0
5555,1.0
5556,4.0
5557,1.0
5558,7.0
5559,6.0
5560,2.0
5561,8.0
5562,2.0
5563,6.0
5564,4.0
5565,7.0
5566,8.0
5567,7.0
5568,4.0
5569,4.0
5570,5.0
5571,2.0
5572,4.0
5573,5.0
5574,6.0
5575,5.0
5576,7.0
5577,0.0
5578,2.0
5579,4.0
5580,5.0
5581,4.0
5582,1.0
5583,1.0
5584,6.0
5585,6.0
5586,8.0
5587,7.0
5588,6.0
5589,4.0
5590,1.0
5591,1.0
5592,2.0
5593,6.0
5594,3.0
5595,4.0
5596,3.0
5597,3.0
5598,6.0
5599,3.0
5600,6.0
5601,5.0
5602,6.0
5603,5.0
5604,4.0
5605,4.0
5606,5.0
5607,7.0
5608,7.0
5609,4.0
5610,7.0
5611,2.0
5612,3.0
5613,3.0
5614,5.0
5615,5.0
5616,1.0
5617,3.0
5618,3.0
5619,5.0
5620,6.0
5621,5.0
5622,4.0
5623,7.0
5624,2.0
5625,2.0
5626,7.0
5627,0.0
5628,4.0
5629,3.0
5630,6.0
5631,3.0
5632,5.0
5633,5.0
5634,3.0
5635,3.0
5636,5.0
5637,7.0
5638,6.0
5639,5.0
5640,4.0
5641,6.0
5642,5.0
5643,5.0
5644,1.0
5645,6.0
5646,4.0
5647,8.0
5648,4.0
5649,5.0
5650,2.0
5651,5.0
5652,5.0
5653,6.0
5654,2.0
5655,3.0
5656,2.0
5657,7.0
5658,6.0
5659,5.0
5660,4.0
5661,6.0
5662,6.0
5663,3.0
5664,3.0
5665,4.0
5666,2.0
5667,6.0
5668,7.0
5669,5.0
5670,4.0
5671,4.0
5672,3.0
5673,5.0
5674,2.0
5675,3.0
5676,6.0
5677,4.0
5678,6.0
5679,8.0
5680,2.0
5681,5.0
5682,5.0
5683,4.0
5684,6.0
5685,2.0
5686,3.0
5687,2.0
5688,3.0
5689,5.0
5690,2.0
5691,5.0
5692,2.0
5693,6.0
5694,6.0
5695,6.0
5696,2.0
5697,3.0
5698,5.0
5699,6.0
5700,1.0
5701,6.0
5702,5.0
5703,6.0
5704,3.0
5705,4.0
5706,6.0
5707,4.0
5708,8.0
5709,7.0
5710,7.0
5711,5.0
5712,6.0
5713,0.0
5714,4.0
5715,4.0
5716,5.0
5717,3.0
5718,1.0
5719,2.0
5720,6.0
5721,4.0
5722,5.0
5723,1.0
5724,4.0
5725,2.0
5726,5.0
5727,2.0
5728,3.0
5729,4.0
5730,4.0
5731,6.0
5732,4.0
5733,3.0
5734,5.0
5735,3.0
5736,4.0
5737,1.0
5738,2.0
5739,4.0
5740,5.0
5741,6.0
5742,6.0
5743,4.0
5744,8.0
5745,5.0
5746,5.0
5747,4.0
5748,4.0
5749,6.0
5750,3.0
5751,8.0
5752,-0.0
5753,2.0
5754,2.0
5755,5.0
5756,4.0
5757,2.0
5758,3.0
5759,4.0
5760,5.0
5761,5.0
5762,7.0
5763,2.0
5764,5.0
5765,1.0
5766,7.0
5767,4.0
5768,8.0
5769,1.0
5770,3.0
5771,4.0
5772,5.0
5773,5.0
5774,6.0
5775,2.0
5776,5.0
5777,5.0
5778,3.0
5779,3.0
5780,5.0
5781,5.0
5782,5.0
5783,4.0
5784,4.0
5785,1.0
5786,5.0
5787,3.0
5788,1.0
5789,4.0
5790,3.0
5791,5.0
5792,4.0
5793,7.0
5794,3.0
5795,6.0
5796,4.0
5797,4.0
5798,4.0
5799,5.0
5800,6.0
5801,2.0
5802,4.0
5803,5.0
5804,6.0
5805,5.0
5806,5.0
5807,2.0
5808,6.0
5809,5.0
5810,3.0
5811,1.0
5812,8.0
5813,3.0
5814,6.0
5815,5.0
5816,2.0
5817,3.0
5818,6.0
5819,8.0
5820,5.0
5821,4.0
5822,5.0
5823,1.0
5824,3.0
5825,4.0
5826,7.0
5827,4.0
5828,7.0
5829,6.0
5830,4.0
5831,5.0
5832,6.0
5833,7.0
5834,5.0
5835,1.0
5836,5.0
5837,3.0
5838,5.0
5839,5.0
5840,2.0
5841,7.0
5842,3.0
5843,6.0
5844,5.0
5845,6.0
5846,3.0
5847,3.0
5848,6.0
5849,1.0
5850,5.0
5851,1.0
5852,7.0
5853,8.0
5854,3.0
5855,8.0
5856,6.0
5857,1.0
5858,2.0
5859,5.0
5860,7.0
5861,2.0
5862,4.0
5863,1.0
5864,6.0
5865,3.0
5866,4.0
5867,2.0
5868,7.0
5869,5.0
5870,7.0
5871,6.0
5872,7.0
5873,7.0
5874,4.0
5875,4.0
5876,3.0
5877,7.0
5878,1.0
5879,5.0
5880,7.0
5881,4.0
5882,5.0
5883,2.0
5884,5.0
5885,4.0
5886,5.0
5887,7.0
5888,8.0
5889,8.0
5890,2.0
5891,5.0
5892,5.0
5893,4.0
5894,8.0
5895,3.0
5896,8.0
5897,5.0
5898,3.0
5899,5.0
5900,7.0
5901,5.0
5902,4.0
5903,5.0
5904,3.0
5905,5.0
5906,3.0
5907,3.0
5908,7.0
5909,5.0
5910,5.0
5911,6.0
5912,5.0
5913,3.0
5914,1.0
5915,3.0
5916,2.0
5917,3.0
5918,8.0
5919,4.0
5920,2.0
5921,5.0
5922,6.0
5923,6.0
5924,1.0
5925,4.0
5926,5.0
5927,7.0
5928,5.0
5929,5.0
5930,4.0
5931,4.0
5932,5.0
5933,6.0
5934,3.0
5935,1.0
5936,5.0
5937,4.0
5938,3.0
5939,3.0
5940,3.0
5941,6.0
5942,7.0
5943,1.0
5944,3.0
5945,5.0
5946,1.0
5947,8.0
5948,5.0
5949,8.0
5950,4.0
5951,7.0
5952,6.0
5953,3.0
5954,5.0
5955,4.0
5956,5.0
5957,8.0
5958,5.0
5959,2.0
5960,2.0
5961,2.0
5962,5.0
5963,3.0
5964,3.0
5965,5.0
5966,0.0
5967,7.0
5968,5.0
5969,5.0
5970,5.0
5971,6.0
5972,7.0
5973,2.0
5974,5.0
5975,5.0
5976,3.0
5977,6.0
5978,6.0
5979,2.0
5980,4.0
5981,7.0
5982,5.0
5983,5.0
5984,1.0
5985,3.0
5986,4.0
5987,4.0
5988,4.0
5989,5.0
5990,6.0
5991,5.0
5992,6.0
5993,3.0
5994,3.0
5995,3.0
5996,6.0
5997,5.0
5998,5.0
5999,1.0
6000,4.0
6001,8.0
6002,5.0
6003,4.0
6004,7.0
6005,6.0
6006,5.0
6007,3.0
6008,4.0
6009,3.0
6010,3.0
6011,8.0
6012,2.0
6013,5.0
6014,3.0
6015,4.0
6016,4.0
6017,7.0
6018,3.0
6019,7.0
6020,2.0
6021,2.0
6022,2.0
6023,0.0
6024,3.0
6025,6.0
6026,8.0
6027,3.0
6028,5.0
6029,4.0
6030,1.0
6031,4.0
6032,2.0
6033,8.0
6034,8.0
6035,4.0
6036,3.0
6037,1.0
6038,4.0
6039,2.0
6040,4.0
6041,3.0
6042,4.0
6043,5.0
6044,3.0
6045,2.0
6046,7.0
6047,7.0
6048,5.0
6049,4.0
6050,4.0
6051,3.0
6052,6.0
6053,2.0
6054,8.0
6055,3.0
6056,5.0
6057,4.0
6058,1.0
6059,4.0
6060,3.0
6061,7.0
6062,2.0
6063,4.0
6064,5.0
6065,1.0
6066,2.0
6067,4.0
6068,2.0
6069,6.0
6070,5.0
6071,7.0
6072,5.0
6073,2.0
6074,3.0
6075,6.0
6076,7.0
6077,7.0
6078,2.0
6079,5.0
6080,4.0
6081,3.0
6082,1.0
6083,4.0
6084,5.0
6085,6.0
6086,4.0
6087,6.0
6088,6.0
6089,4.0
6090,3.0
6091,5.0
6092,6.0
6093,6.0
6094,5.0
6095,2.0
6096,2.0
6097,3.0
6098,6.0
6099,4.0
6100,2.0
6101,4.0
6102,4.0
6103,1.0
6104,2.0
6105,3.0
6106,2.0
6107,3.0
6108,4.0
6109,4.0
6110,1.0
6111,5.0
6112,5.0
6113,5.0
6114,6.0
6115,6.0
6116,2.0
6117,3.0
6118,2.0
6119,6.0
6120,4.0
6121,5.0
6122,5.0
6123,1.0
6124,4.0
6125,4.0
6126,2.0
6127,2.0
6128,5.0
6129,3.0
6130,7.0
6131,5.0
6132,2.0
6133,3.0
6134,4.0
6135,2.0
6136,4.0
6137,3.0
6138,7.0
6139,5.0
6140,7.0
6141,6.0
6142,7.0
6143,2.0
6144,4.0
6145,8.0
6146,2.0
6147,2.0
6148,2.0
6149,3.0
6150,3.0
6151,5.0
6152,8.0
6153,6.0
6154,3.0
6155,3.0
6156,2.0
6157,4.0
6158,5.0
6159,7.0
6160,1.0
6161,9.0
6162,3.0
6163,6.0
6164,7.0
6165,5.0
6166,3.0
6167,8.0
6168,6.0
6169,3.0
6170,2.0
6171,4.0
6172,4.0
6173,7.0
6174,4.0
6175,7.0
6176,3.0
6177,1.0
6178,3.0
6179,4.0
6180,7.0
6181,2.0
6182,3.0
6183,4.0
6184,5.0
6185,4.0
6186,7.0
6187,0.0
6188,5.0
6189,5.0
6190,3.0
6191,3.0
6192,0.0
6193,1.0
6194,3.0
6195,2.0
6196,5.0
6197,5.0
6198,7.0
6199,2.0
6200,4.0
6201,6.0
6202,5.0
6203,6.0
6204,3.0
6205,2.0
6206,7.0
6207,5.0
6208,3.0
6209,4.0
6210,5.0
6211,4.0
6212,4.0
6213,1.0
6214,3.0
6215,6.0
6216,4.0
6217,6.0
6218,6.0
6219,4.0
6220,3.0
6221,9.0
6222,7.0
6223,5.0
6224,5.0
6225,1.0
6226,7.0
6227,7.0
6228,6.0
6229,2.0
6230,1.0
6231,6.0
6232,2.0
6233,6.0
6234,6.0
6235,3.0
6236,4.0
6237,4.0
6238,2.0
6239,5.0
6240,5.0
6241,5.0
6242,6.0
6243,8.0
6244,5.0
6245,4.0
6246,4.0
6247,4.0
6248,2.0
6249,3.0
6250,1.0
6251,3.0
6252,5.0
6253,3.0
6254,6.0
6255,4.0
6256,-0.0
6257,3.0
6258,4.0
6259,2.0
6260,1.0
6261,2.0
6262,5.0
6263,5.0
6264,4.0
6265,5.0
6266,6.0
6267,3.0
6268,3.0
6269,0.0
6270,6.0
6271,4.0
6272,2.0
6273,5.0
6274,0.0
6275,6.0
6276,6.0
6277,3.0
6278,3.0
6279,7.0
6280,5.0
6281,5.0
6282,3.0
6283,7.0
6284,3.0
6285,3.0
6286,7.0
6287,1.0
6288,7.0
6289,4.0
6290,4.0
6291,3.0
6292,7.0
6293,7.0
6294,6.0
6295,6.0
6296,7.0
6297,6.0
6298,1.0
6299,6.0
6300,5.0
6301,6.0
6302,1.0
6303,3.0
6304,6.0
6305,5.0
6306,2.0
6307,3.0
6308,1.0
6309,3.0
6310,1.0
6311,7.0
6312,4.0
6313,5.0
6314,7.0
